file,class,type,cbo,cboModified,fanin,fanout,wmc,dit,noc,rfc,lcom,lcom*,tcc,lcc,totalMethodsQty,staticMethodsQty,publicMethodsQty,privateMethodsQty,protectedMethodsQty,defaultMethodsQty,visibleMethodsQty,abstractMethodsQty,finalMethodsQty,synchronizedMethodsQty,totalFieldsQty,staticFieldsQty,publicFieldsQty,privateFieldsQty,protectedFieldsQty,defaultFieldsQty,finalFieldsQty,synchronizedFieldsQty,nosi,loc,returnQty,loopQty,comparisonsQty,tryCatchQty,parenthesizedExpsQty,stringLiteralsQty,numbersQty,assignmentsQty,mathOperationsQty,variablesQty,maxNestedBlocksQty,anonymousClassesQty,innerClassesQty,lambdasQty,uniqueWordsQty,modifiers,logStatementsQty
C:\Dev\Projects\Uni\Software_design\Gruppo-01SAD\src\main\java\com\Command\MoveDownTrack.java,com.Command.MoveDownTrack,class,3,5,2,3,7,1,0,3,0,0.22222222,0.0,0.0,3,0,3,0,0,0,3,0,0,0,3,0,0,3,0,0,0,0,2,21,0,0,0,0,0,0,6,4,4,4,1,0,0,0,94,1,0
C:\Dev\Projects\Uni\Software_design\Gruppo-01SAD\src\main\java\com\Command\RemovePlaylist.java,com.Command.RemovePlaylist,class,4,5,1,4,9,1,0,9,0,0.083333336,0.0,0.0,3,0,3,0,0,0,3,0,0,0,4,0,0,4,0,0,0,0,0,34,0,0,4,2,0,2,3,5,2,4,3,0,0,0,57,1,0
C:\Dev\Projects\Uni\Software_design\Gruppo-01SAD\src\main\java\com\DataLayer\DAO\Track\TrackDAO.java,com.DataLayer.DAO.Track.TrackDAO,class,6,13,7,6,24,1,0,35,34,0.7777778,0.0,0.0,9,0,7,2,0,0,7,0,0,0,1,0,0,1,0,0,1,0,7,128,6,3,7,8,0,22,19,36,2,32,3,0,0,0,222,1,0
C:\Dev\Projects\Uni\Software_design\Gruppo-01SAD\src\main\java\com\Strategy\ShuffleStrategy.java,com.Strategy.ShuffleStrategy,class,3,5,2,3,11,1,0,7,0,0.53333336,0.0,0.0,5,0,4,1,0,0,4,0,0,0,3,0,0,3,0,0,1,0,0,31,5,1,5,0,0,0,3,9,0,6,1,0,0,0,96,1,0
C:\Dev\Projects\Uni\Software_design\Gruppo-01SAD\src\main\java\com\DataLayer\DAO\Track\ITrackDAO.java,com.DataLayer.DAO.Track.ITrackDAO,interface,1,2,1,1,5,1,0,0,10,0.0,0.0,0.0,5,0,0,0,0,5,5,0,0,0,0,0,0,0,0,0,0,0,0,7,0,0,0,0,0,0,0,0,0,0,0,0,0,0,126,1,0
C:\Dev\Projects\Uni\Software_design\Gruppo-01SAD\src\main\java\com\Controller\playback\PlaybackTimerManager.java,com.Controller.playback.PlaybackTimerManager,class,5,11,6,5,11,1,0,11,0,0.4,0.0,0.0,5,0,5,0,0,0,5,0,0,0,3,0,0,3,0,0,0,0,1,49,1,0,6,0,0,1,4,6,2,8,1,0,0,2,28,1,0
C:\Dev\Projects\Uni\Software_design\Gruppo-01SAD\src\main\java\com\Controller\track\ITrackImporter.java,com.Controller.track.ITrackImporter,interface,1,2,1,1,1,1,0,0,0,0.0,NaN,NaN,1,0,0,0,0,1,1,0,0,0,0,0,0,0,0,0,0,0,0,3,0,0,0,0,0,0,0,0,0,0,0,0,0,0,14,1,0
C:\Dev\Projects\Uni\Software_design\Gruppo-01SAD\src\main\java\com\Model\LocalTrackFactory.java,com.Model.LocalTrackFactory,class,4,5,1,4,3,2,0,4,0,0.0,NaN,NaN,1,0,1,0,0,0,1,0,0,0,0,0,0,0,0,0,0,0,0,12,1,0,0,0,0,1,0,3,1,3,1,0,0,0,110,1,0
C:\Dev\Projects\Uni\Software_design\Gruppo-01SAD\src\main\java\com\Controller\navigation\ViewNavigator.java,com.Controller.navigation.ViewNavigator,class,7,8,1,7,5,1,0,15,0,0.0,0.0,0.0,3,0,3,0,0,0,3,0,0,0,2,0,0,2,0,0,2,0,0,34,0,0,1,1,0,1,0,6,0,6,1,0,0,0,59,1,0
C:\Dev\Projects\Uni\Software_design\Gruppo-01SAD\src\main\java\com\DataLayer\DAO\DatabaseManager.java,com.DataLayer.DAO.DatabaseManager,class,1,6,5,1,11,1,0,8,2,0.5,0.0,0.0,4,3,3,1,0,0,3,0,0,0,2,2,0,2,0,0,0,0,3,37,1,0,2,2,0,5,0,4,0,2,3,0,0,0,102,1,0
C:\Dev\Projects\Uni\Software_design\Gruppo-01SAD\src\main\java\com\Command\ModifyTrack.java,com.Command.ModifyTrack,class,5,6,1,5,7,1,0,12,0,0.28070176,0.0,0.0,3,0,3,0,0,0,3,0,0,0,9,0,0,9,0,0,9,0,0,50,0,0,2,2,0,2,0,19,2,19,2,0,0,0,125,1,0
C:\Dev\Projects\Uni\Software_design\Gruppo-01SAD\src\main\java\com\Command\MoveUpTrack.java,com.Command.MoveUpTrack,class,3,5,2,3,5,1,0,2,0,0.22222222,0.0,0.0,3,0,3,0,0,0,3,0,0,0,3,0,0,3,0,0,2,0,2,21,0,0,0,0,0,0,5,5,2,4,1,0,0,0,87,1,0
C:\Dev\Projects\Uni\Software_design\Gruppo-01SAD\src\main\java\com\Controller\playlist\PlaylistController.java,com.Controller.playlist.PlaylistController,class,25,30,5,25,38,1,0,59,0,0.80625,0.0,0.0,16,0,14,2,0,0,14,0,0,0,8,0,0,8,0,0,0,0,0,153,6,0,16,0,3,13,8,21,5,39,3,0,0,5,190,1,0
C:\Dev\Projects\Uni\Software_design\Gruppo-01SAD\src\main\java\com\Model\PlaylistCatalog.java,com.Model.PlaylistCatalog,class,2,11,9,2,6,1,0,7,0,0.0,0.0,0.0,5,0,5,0,0,0,5,0,0,0,1,0,0,1,0,0,1,0,0,22,2,0,0,0,0,0,0,2,0,2,1,0,0,0,11,1,0
C:\Dev\Projects\Uni\Software_design\Gruppo-01SAD\src\main\java\com\State\PlayingState.java,com.State.PlayingState,class,5,6,1,5,8,1,0,11,0,0.16666667,0.0,0.0,6,0,6,0,0,0,6,0,0,0,1,0,0,1,0,0,0,0,0,36,0,0,2,0,0,4,0,3,2,3,1,0,0,0,100,1,0
C:\Dev\Projects\Uni\Software_design\Gruppo-01SAD\src\main\java\com\Controller\track\TrackTableController.java,com.Controller.track.TrackTableController,class,24,28,4,24,30,1,0,65,0,0.6136364,0.0,0.0,11,0,11,0,0,0,11,0,0,0,4,0,0,4,0,0,0,0,0,132,4,0,14,0,0,17,9,19,6,32,3,0,0,6,187,1,0
C:\Dev\Projects\Uni\Software_design\Gruppo-01SAD\src\main\java\com\DataLayer\TrackProxy.java,com.DataLayer.TrackProxy,class,3,6,3,3,12,1,0,7,0,0.42857143,0.0,0.0,7,0,7,0,0,0,7,0,0,0,2,0,0,2,0,0,0,0,0,38,2,0,5,0,0,0,0,2,0,2,1,0,0,0,72,1,0
C:\Dev\Projects\Uni\Software_design\Gruppo-01SAD\src\main\java\com\Model\Playlist.java,com.Model.Playlist,class,6,24,18,6,30,1,0,18,77,0.7368421,0.0,0.0,19,0,19,0,0,0,19,0,0,0,4,0,0,4,0,0,1,0,3,91,16,1,4,0,2,4,8,12,4,10,1,0,0,0,181,1,0
C:\Dev\Projects\Uni\Software_design\Gruppo-01SAD\src\main\java\com\Command\RemoveTrack.java,com.Command.RemoveTrack,class,7,9,2,7,16,1,0,20,0,0.21428572,0.0,0.0,4,0,4,0,0,0,4,0,0,0,7,0,0,7,0,0,4,0,0,66,0,4,4,2,0,2,2,12,2,10,3,0,0,0,65,1,0
C:\Dev\Projects\Uni\Software_design\Gruppo-01SAD\src\main\java\com\Controller\track\AddModTrackController.java,com.Controller.track.AddModTrackController,class,22,24,2,22,30,1,0,50,31,0.80714285,0.0,0.0,10,0,8,2,0,0,8,0,0,0,14,0,0,14,0,0,1,0,8,127,3,0,13,1,5,12,9,31,2,36,3,0,0,0,224,1,0
C:\Dev\Projects\Uni\Software_design\Gruppo-01SAD\src\main\java\com\DataLayer\IAudioTrack.java,com.DataLayer.IAudioTrack,interface,0,4,4,0,6,1,0,0,15,0.0,0.0,0.0,6,0,0,0,0,6,6,0,0,0,0,0,0,0,0,0,0,0,0,8,0,0,0,0,0,0,0,0,0,0,0,0,0,0,64,1,0
C:\Dev\Projects\Uni\Software_design\Gruppo-01SAD\src\main\java\com\Main.java,com.Main,class,11,11,0,11,6,2,0,18,1,0.33333334,0.0,0.0,3,1,3,0,0,0,3,0,0,0,1,0,0,1,0,0,0,0,1,33,0,0,2,1,0,4,2,5,0,5,1,0,0,0,41,1,0
C:\Dev\Projects\Uni\Software_design\Gruppo-01SAD\src\main\java\com\Command\ICommand.java,com.Command.ICommand,interface,0,16,16,0,2,1,0,0,1,0.0,0.0,0.0,2,0,0,0,0,2,2,0,0,0,0,0,0,0,0,0,0,0,0,4,0,0,0,0,0,0,0,0,0,0,0,0,0,0,32,1,0
C:\Dev\Projects\Uni\Software_design\Gruppo-01SAD\src\main\java\com\Controller\core\MainController.java,com.Controller.core.MainController,class,35,47,12,35,64,1,0,101,0,0.9395349,0.0,0.0,30,0,28,2,0,0,28,0,0,0,27,0,0,27,0,0,0,0,2,270,3,3,20,5,2,24,8,19,1,63,4,0,0,6,248,1,0
C:\Dev\Projects\Uni\Software_design\Gruppo-01SAD\src\main\java\com\Command\AddTrack.java,com.Command.AddTrack,class,4,6,2,4,7,1,0,7,0,0.0,0.0,0.0,3,0,3,0,0,0,3,0,0,0,3,0,0,3,0,0,1,0,0,32,0,0,2,2,0,2,0,3,2,3,2,0,0,0,80,1,0
C:\Dev\Projects\Uni\Software_design\Gruppo-01SAD\src\main\java\com\State\IPlayerState.java,com.State.IPlayerState,interface,1,4,3,1,5,1,0,0,10,0.0,0.0,0.0,5,0,0,0,0,5,5,0,0,0,0,0,0,0,0,0,0,0,0,7,0,0,0,0,0,0,0,0,0,0,0,0,0,0,10,1,0
C:\Dev\Projects\Uni\Software_design\Gruppo-01SAD\src\main\java\com\Observer\IPlayerSubscriber.java,com.Observer.IPlayerSubscriber,interface,1,5,4,1,1,1,0,0,0,0.0,NaN,NaN,1,0,0,0,0,1,1,0,0,0,0,0,0,0,0,0,0,0,0,3,0,0,0,0,0,0,0,0,0,0,0,0,0,0,49,1,0
C:\Dev\Projects\Uni\Software_design\Gruppo-01SAD\src\main\java\com\State\PausedState.java,com.State.PausedState,class,5,6,1,5,8,1,0,9,0,0.16666667,0.0,0.0,6,0,6,0,0,0,6,0,0,0,1,0,0,1,0,0,1,0,0,29,0,0,2,0,0,0,0,3,0,3,1,0,0,0,14,1,0
C:\Dev\Projects\Uni\Software_design\Gruppo-01SAD\src\main\java\com\DataLayer\DAO\Playlist\IPlaylistDAO.java,com.DataLayer.DAO.Playlist.IPlaylistDAO,interface,1,2,1,1,5,1,0,0,10,0.0,0.0,0.0,5,0,0,0,0,5,5,0,0,0,0,0,0,0,0,0,0,0,0,7,0,0,0,0,0,0,0,0,0,0,0,0,0,0,16,1,0
C:\Dev\Projects\Uni\Software_design\Gruppo-01SAD\src\main\java\com\DataLayer\RealTrack.java,com.DataLayer.RealTrack,class,1,2,1,1,19,1,0,11,0,0.42857143,0.0,0.0,7,0,7,0,0,0,7,0,0,0,2,0,0,2,0,0,0,0,2,52,2,0,6,1,0,4,1,4,4,4,2,0,0,0,99,1,0
C:\Dev\Projects\Uni\Software_design\Gruppo-01SAD\src\main\java\com\Controller\track\SearchController.java,com.Controller.track.SearchController,class,5,8,3,5,14,1,0,14,2,0.46666667,0.0,0.0,5,0,4,1,0,0,4,0,0,0,3,0,0,3,0,0,0,0,0,41,2,0,8,0,0,4,0,5,0,9,1,0,0,2,159,1,0
C:\Dev\Projects\Uni\Software_design\Gruppo-01SAD\src\main\java\com\Command\ModifyPlaylist.java,com.Command.ModifyPlaylist,class,4,5,1,4,7,1,0,5,0,0.13333334,0.0,0.0,3,0,3,0,0,0,3,0,0,0,5,0,0,5,0,0,3,0,0,32,0,0,2,2,0,2,0,5,2,5,2,0,0,0,89,1,0
C:\Dev\Projects\Uni\Software_design\Gruppo-01SAD\src\main\java\com\Controller\playback\PlayerController.java,com.Controller.playback.PlayerController,class,26,31,5,26,104,1,0,76,0,0.7217391,0.0,0.0,23,0,16,7,0,0,16,0,0,0,8,0,0,8,0,0,0,0,1,376,27,0,46,1,2,33,13,96,5,64,3,0,0,1,283,1,0
C:\Dev\Projects\Uni\Software_design\Gruppo-01SAD\src\main\java\com\DataLayer\DAO\Playlist\PlaylistDAO.java,com.DataLayer.DAO.Playlist.PlaylistDAO,class,6,14,8,6,16,1,0,28,53,0.8181818,0.0,0.0,11,0,8,3,0,0,8,0,0,0,1,0,0,1,0,0,1,0,7,107,5,3,2,9,0,12,12,31,0,31,3,0,0,0,67,1,0
C:\Dev\Projects\Uni\Software_design\Gruppo-01SAD\src\main\java\com\Strategy\IPlaybackStrategy.java,com.Strategy.IPlaybackStrategy,interface,1,9,8,1,4,1,0,0,6,0.0,0.0,0.0,4,0,0,0,0,4,4,0,0,0,0,0,0,0,0,0,0,0,0,6,0,0,0,0,0,0,0,0,0,0,0,0,0,0,68,1,0
C:\Dev\Projects\Uni\Software_design\Gruppo-01SAD\src\main\java\com\State\PlayerContext.java,com.State.PlayerContext,class,7,16,9,7,22,1,0,9,36,0.76470584,0.0,0.0,17,0,16,1,0,0,16,0,0,0,6,0,0,6,0,0,0,0,0,73,6,1,4,0,0,0,0,8,0,6,1,0,0,0,145,1,0
C:\Dev\Projects\Uni\Software_design\Gruppo-01SAD\src\main\java\com\Model\ITrackContainer.java,com.Model.ITrackContainer,interface,2,7,5,2,5,1,0,0,10,0.0,0.0,0.0,5,0,0,0,0,5,5,0,0,0,0,0,0,0,0,0,0,0,0,7,0,0,0,0,0,0,0,0,0,0,0,0,0,0,10,1,0
C:\Dev\Projects\Uni\Software_design\Gruppo-01SAD\src\main\java\com\Command\AddPlaylist.java,com.Command.AddPlaylist,class,4,6,2,4,7,1,0,7,0,0.0,0.0,0.0,3,0,3,0,0,0,3,0,0,0,3,0,0,3,0,0,3,0,0,28,0,0,2,2,0,2,0,3,2,3,2,0,0,0,71,1,0
C:\Dev\Projects\Uni\Software_design\Gruppo-01SAD\src\main\java\com\Strategy\LoopTrackStrategy.java,com.Strategy.LoopTrackStrategy,class,2,3,1,2,4,1,0,0,6,0.0,0.0,0.0,4,0,4,0,0,0,4,0,0,0,0,0,0,0,0,0,0,0,0,12,2,0,0,0,0,0,0,0,0,0,0,0,0,0,41,1,0
C:\Dev\Projects\Uni\Software_design\Gruppo-01SAD\src\main\java\com\Controller\playlist\PlaylistTableController.java,com.Controller.playlist.PlaylistTableController,class,17,20,3,17,18,1,0,43,0,0.2857143,0.0,0.0,7,0,7,0,0,0,7,0,0,0,2,0,0,2,0,0,0,0,0,83,2,0,10,0,0,12,1,10,1,18,3,0,0,6,164,1,0
C:\Dev\Projects\Uni\Software_design\Gruppo-01SAD\src\main\java\com\Command\UndoManager.java,com.Command.UndoManager,class,3,12,9,3,5,1,0,7,0,0.125,0.0,0.0,4,0,4,0,0,0,4,0,0,0,2,0,0,2,0,0,1,0,0,23,1,0,0,0,0,0,0,3,0,3,1,0,0,0,69,1,0
C:\Dev\Projects\Uni\Software_design\Gruppo-01SAD\src\main\java\com\Controller\core\AppState.java,com.Controller.core.AppState,class,16,27,11,16,18,1,0,5,111,0.86904764,0.0,0.0,18,0,18,0,0,0,18,0,0,0,14,0,0,14,0,0,12,0,0,83,14,0,0,0,0,0,0,15,0,14,0,0,0,0,146,1,0
C:\Dev\Projects\Uni\Software_design\Gruppo-01SAD\src\main\java\com\Model\TrackTag.java,com.Model.TrackTag,enum,0,10,10,0,3,1,0,0,0,0.0,0.0,0.0,3,0,2,0,0,1,3,0,0,0,1,0,0,1,0,0,1,0,0,11,2,0,0,0,0,4,0,1,0,1,0,0,0,0,53,1,0
C:\Dev\Projects\Uni\Software_design\Gruppo-01SAD\src\main\java\com\Controller\playlist\AddTrackToPlaylistController.java,com.Controller.playlist.AddTrackToPlaylistController,class,15,17,2,15,9,1,0,21,0,0.4666667,0.0,0.0,5,0,4,1,0,0,4,0,0,0,3,0,0,3,0,0,0,0,0,53,1,1,0,0,0,5,2,6,1,8,2,1,0,1,37,1,0
C:\Dev\Projects\Uni\Software_design\Gruppo-01SAD\src\main\java\com\Model\TrackFactory.java,com.Model.TrackFactory,class,3,10,7,3,5,1,1,4,3,0.0,0.0,0.0,3,0,2,0,1,0,3,1,1,0,0,0,0,0,0,0,0,0,0,12,1,0,1,0,0,1,0,0,0,0,1,0,0,0,125,1025,0
C:\Dev\Projects\Uni\Software_design\Gruppo-01SAD\src\main\java\com\Model\Library.java,com.Model.Library,class,5,12,7,5,11,1,0,17,0,0.0,0.0,0.0,8,0,8,0,0,0,8,0,0,0,1,0,0,1,0,0,0,0,0,41,4,0,2,0,0,0,0,2,0,2,1,0,0,0,171,1,0
C:\Dev\Projects\Uni\Software_design\Gruppo-01SAD\src\main\java\com\Controller\navigation\WindowManager.java,com.Controller.navigation.WindowManager,class,15,25,10,15,18,1,0,23,37,0.75,0.0,0.0,10,0,10,0,0,0,10,0,0,0,2,0,1,1,0,0,1,0,0,123,4,0,3,5,0,11,0,24,5,25,3,0,0,1,148,1,0
C:\Dev\Projects\Uni\Software_design\Gruppo-01SAD\src\main\java\com\Strategy\SequentialStrategy.java,com.Strategy.SequentialStrategy,class,2,4,2,2,17,1,0,5,0,0.0,0.0,0.0,4,0,4,0,0,0,4,0,0,0,2,0,0,2,0,0,0,0,0,49,7,0,6,0,1,0,5,10,1,3,2,0,0,0,60,1,0
C:\Dev\Projects\Uni\Software_design\Gruppo-01SAD\src\main\java\com\Model\AutoPlaylistService.java,com.Model.AutoPlaylistService,class,4,6,2,4,19,1,0,20,9,0.72222215,0.0,0.0,6,5,2,4,0,0,2,0,0,0,3,3,3,0,0,0,3,0,5,41,8,0,5,0,0,9,2,5,2,9,1,0,0,4,105,1,0
C:\Dev\Projects\Uni\Software_design\Gruppo-01SAD\src\main\java\com\Strategy\LoopPlaylistStrategy.java,com.Strategy.LoopPlaylistStrategy,class,2,3,1,2,16,1,0,5,0,0.0,0.0,0.0,4,0,4,0,0,0,4,0,0,0,2,0,0,2,0,0,0,0,0,50,8,0,6,0,3,0,7,14,5,3,1,0,0,0,72,1,0
C:\Dev\Projects\Uni\Software_design\Gruppo-01SAD\src\main\java\com\Controller\playlist\AddModPlaylistController.java,com.Controller.playlist.AddModPlaylistController,class,16,18,2,16,12,1,0,20,6,0.7,0.0,0.0,5,0,5,0,0,0,5,0,0,0,6,0,0,6,0,0,0,0,0,57,0,1,2,1,0,3,0,12,1,13,3,0,0,0,105,1,0
C:\Dev\Projects\Uni\Software_design\Gruppo-01SAD\src\main\java\com\Controller\playlist\AddTrackToPlaylistController.java,com.Controller.playlist.AddTrackToPlaylistController$Anonymous1,anonymous,1,1,0,1,3,1,0,4,0,0.0,NaN,NaN,1,0,0,0,1,0,1,0,0,0,0,0,0,0,0,0,0,0,0,11,0,0,1,0,0,1,0,0,1,0,1,0,0,0,8,-1,0
C:\Dev\Projects\Uni\Software_design\Gruppo-01SAD\src\main\java\com\Strategy\PlaybackContext.java,com.Strategy.PlaybackContext,class,5,11,6,5,16,1,0,8,0,0.5238095,0.0,0.0,7,0,7,0,0,0,7,0,0,0,3,0,0,3,0,0,1,0,0,46,3,0,9,0,0,0,0,4,0,4,2,0,0,1,105,1,0
C:\Dev\Projects\Uni\Software_design\Gruppo-01SAD\src\main\java\com\Model\Track.java,com.Model.Track,class,9,46,37,9,48,1,0,20,441,0.8779221,0.0,0.0,35,0,34,0,0,1,35,0,0,0,11,0,0,11,0,0,9,0,2,150,25,0,7,0,1,14,5,16,3,15,1,0,0,0,176,1,0
C:\Dev\Projects\Uni\Software_design\Gruppo-01SAD\src\main\java\com\Controller\playlist\AutoPlaylistController.java,com.Controller.playlist.AutoPlaylistController,class,20,22,2,20,14,1,0,50,7,0.7083334,0.0,0.0,6,0,4,2,0,0,4,0,0,0,8,0,0,8,0,0,0,0,3,74,2,2,3,1,0,5,1,10,2,24,2,0,0,4,83,1,0
