file,class,method,constructor,line,cbo,cboModified,fanin,fanout,wmc,rfc,loc,returnsQty,variablesQty,parametersQty,methodsInvokedQty,methodsInvokedLocalQty,methodsInvokedIndirectLocalQty,loopQty,comparisonsQty,tryCatchQty,parenthesizedExpsQty,stringLiteralsQty,numbersQty,assignmentsQty,mathOperationsQty,maxNestedBlocksQty,anonymousClassesQty,innerClassesQty,lambdasQty,uniqueWordsQty,modifiers,logStatementsQty,hasJavaDoc
C:\Dev\Projects\Uni\Software_design\Gruppo-01SAD\src\main\java\com\Command\MoveDownTrack.java,com.Command.MoveDownTrack,"MoveDownTrack/2[com.Command.ObservableList<com.Model.Track>,com.Model.Track]",true,23,2,2,2,0,1,0,4,0,0,2,0,0,0,0,0,0,0,0,0,2,0,0,0,0,0,25,1,0,true
C:\Dev\Projects\Uni\Software_design\Gruppo-01SAD\src\main\java\com\Command\MoveDownTrack.java,com.Command.MoveDownTrack,execute/0,false,35,0,0,0,0,3,3,7,0,1,0,3,0,0,0,0,0,0,0,3,2,2,1,0,0,0,36,1,0,true
C:\Dev\Projects\Uni\Software_design\Gruppo-01SAD\src\main\java\com\Command\MoveDownTrack.java,com.Command.MoveDownTrack,undo/0,false,49,0,0,0,0,3,2,5,0,0,0,2,0,0,0,0,0,0,0,3,0,2,1,0,0,0,29,1,0,true
C:\Dev\Projects\Uni\Software_design\Gruppo-01SAD\src\main\java\com\Command\RemovePlaylist.java,com.Command.RemovePlaylist,"RemovePlaylist/3[com.Model.PlaylistCatalog,com.Model.Playlist,com.DataLayer.DAO.Playlist.PlaylistDAO]",true,31,3,1,1,0,1,0,5,0,0,3,0,0,0,0,0,0,0,0,0,3,0,0,0,0,0,32,1,0,true
C:\Dev\Projects\Uni\Software_design\Gruppo-01SAD\src\main\java\com\Command\RemovePlaylist.java,com.Command.RemovePlaylist,execute/0,false,43,3,4,0,4,4,7,12,0,0,0,7,0,0,0,2,1,0,1,1,1,1,3,0,0,0,26,1,0,true
C:\Dev\Projects\Uni\Software_design\Gruppo-01SAD\src\main\java\com\Command\RemovePlaylist.java,com.Command.RemovePlaylist,undo/0,false,63,2,2,0,2,4,4,11,0,0,0,4,0,0,0,2,1,0,1,1,0,1,3,0,0,0,23,1,0,true
C:\Dev\Projects\Uni\Software_design\Gruppo-01SAD\src\main\java\com\DataLayer\DAO\Track\TrackDAO.java,com.DataLayer.DAO.Track.TrackDAO,mapRowToTrack/1[java.sql.ResultSet],false,215,3,6,3,3,6,11,25,1,7,1,11,0,0,0,3,0,0,13,1,11,0,1,0,0,0,68,2,0,true
C:\Dev\Projects\Uni\Software_design\Gruppo-01SAD\src\main\java\com\DataLayer\DAO\Track\TrackDAO.java,com.DataLayer.DAO.Track.TrackDAO,update/1[com.Model.Track],false,64,3,5,2,3,2,6,12,1,3,1,6,1,1,0,1,1,0,3,1,3,1,1,0,0,0,46,1,0,true
C:\Dev\Projects\Uni\Software_design\Gruppo-01SAD\src\main\java\com\DataLayer\DAO\Track\TrackDAO.java,com.DataLayer.DAO.Track.TrackDAO,getFrequentlyPlayed/1[int],false,127,3,2,0,2,2,7,14,1,5,1,7,1,1,1,0,2,0,1,1,5,0,3,0,0,0,58,1,0,true
C:\Dev\Projects\Uni\Software_design\Gruppo-01SAD\src\main\java\com\DataLayer\DAO\Track\TrackDAO.java,com.DataLayer.DAO.Track.TrackDAO,save/1[com.Model.Track],false,42,3,5,3,2,2,4,11,1,3,1,4,1,1,0,1,1,0,2,0,3,1,1,0,0,0,44,1,0,true
C:\Dev\Projects\Uni\Software_design\Gruppo-01SAD\src\main\java\com\DataLayer\DAO\Track\TrackDAO.java,com.DataLayer.DAO.Track.TrackDAO,"setTrackParameters/2[java.sql.PreparedStatement,com.Model.Track]",false,151,1,12,2,10,6,16,27,0,0,2,16,0,0,0,2,0,0,0,14,0,0,1,0,0,0,44,2,0,true
C:\Dev\Projects\Uni\Software_design\Gruppo-01SAD\src\main\java\com\DataLayer\DAO\Track\TrackDAO.java,com.DataLayer.DAO.Track.TrackDAO,getTracksByPlaylist/1[java.lang.String],false,188,3,3,1,2,2,7,14,1,5,1,7,1,1,1,0,2,0,1,1,5,0,3,0,0,0,58,1,0,true
C:\Dev\Projects\Uni\Software_design\Gruppo-01SAD\src\main\java\com\DataLayer\DAO\Track\TrackDAO.java,com.DataLayer.DAO.Track.TrackDAO,delete/1[java.lang.String],false,89,1,3,2,1,1,4,8,0,3,1,4,0,0,0,0,1,0,1,1,3,0,1,0,0,0,40,1,0,true
C:\Dev\Projects\Uni\Software_design\Gruppo-01SAD\src\main\java\com\DataLayer\DAO\Track\TrackDAO.java,com.DataLayer.DAO.Track.TrackDAO,TrackDAO/1[com.Model.TrackFactory],true,32,1,1,1,0,1,0,3,0,0,1,0,0,0,0,0,0,0,0,0,1,0,0,0,0,0,24,1,0,true
C:\Dev\Projects\Uni\Software_design\Gruppo-01SAD\src\main\java\com\DataLayer\DAO\Track\TrackDAO.java,com.DataLayer.DAO.Track.TrackDAO,getAll/0,false,105,3,3,1,2,2,6,11,1,5,0,6,1,1,1,0,1,0,1,0,5,0,2,0,0,0,44,1,0,true
C:\Dev\Projects\Uni\Software_design\Gruppo-01SAD\src\main\java\com\Strategy\ShuffleStrategy.java,com.Strategy.ShuffleStrategy,previousTrack/1[com.Model.Track],false,71,2,1,0,1,1,1,3,1,0,1,1,1,2,0,0,0,0,0,0,0,0,0,0,0,0,29,1,0,true
C:\Dev\Projects\Uni\Software_design\Gruppo-01SAD\src\main\java\com\Strategy\ShuffleStrategy.java,com.Strategy.ShuffleStrategy,"setQueue/2[java.util.List<com.Model.Track>,com.Model.Track]",false,29,1,0,0,0,2,0,4,0,0,2,0,0,0,0,1,0,0,0,0,2,0,0,0,0,0,24,1,0,true
C:\Dev\Projects\Uni\Software_design\Gruppo-01SAD\src\main\java\com\Strategy\ShuffleStrategy.java,com.Strategy.ShuffleStrategy,updateQueue/1[java.util.List<com.Model.Track>],false,39,1,0,0,0,2,0,3,0,0,1,0,0,0,0,1,0,0,0,0,1,0,0,0,0,0,15,1,0,true
C:\Dev\Projects\Uni\Software_design\Gruppo-01SAD\src\main\java\com\Strategy\ShuffleStrategy.java,com.Strategy.ShuffleStrategy,nextTrack/1[com.Model.Track],false,51,2,2,1,1,4,5,8,3,2,1,5,1,1,0,2,0,0,0,3,3,0,1,0,0,0,29,1,0,true
C:\Dev\Projects\Uni\Software_design\Gruppo-01SAD\src\main\java\com\Strategy\ShuffleStrategy.java,com.Strategy.ShuffleStrategy,"pickRandomIndex/2[java.util.List<com.Model.Track>,int]",false,83,1,1,1,0,2,2,8,1,1,2,2,0,0,1,1,0,0,0,0,1,0,1,0,0,0,29,2,0,true
C:\Dev\Projects\Uni\Software_design\Gruppo-01SAD\src\main\java\com\DataLayer\DAO\Track\ITrackDAO.java,com.DataLayer.DAO.Track.ITrackDAO,save/1[com.Model.Track],false,14,1,0,0,0,1,0,1,0,0,1,0,0,0,0,0,0,0,0,0,0,0,0,0,0,0,24,0,0,true
C:\Dev\Projects\Uni\Software_design\Gruppo-01SAD\src\main\java\com\DataLayer\DAO\Track\ITrackDAO.java,com.DataLayer.DAO.Track.ITrackDAO,getFrequentlyPlayed/1[int],false,43,1,0,0,0,1,0,1,0,0,1,0,0,0,0,0,0,0,0,0,0,0,0,0,0,0,48,0,0,true
C:\Dev\Projects\Uni\Software_design\Gruppo-01SAD\src\main\java\com\DataLayer\DAO\Track\ITrackDAO.java,com.DataLayer.DAO.Track.ITrackDAO,delete/1[java.lang.String],false,29,0,0,0,0,1,0,1,0,0,1,0,0,0,0,0,0,0,0,0,0,0,0,0,0,0,25,0,0,true
C:\Dev\Projects\Uni\Software_design\Gruppo-01SAD\src\main\java\com\DataLayer\DAO\Track\ITrackDAO.java,com.DataLayer.DAO.Track.ITrackDAO,getAll/0,false,36,1,0,0,0,1,0,1,0,0,0,0,0,0,0,0,0,0,0,0,0,0,0,0,0,0,28,0,0,true
C:\Dev\Projects\Uni\Software_design\Gruppo-01SAD\src\main\java\com\DataLayer\DAO\Track\ITrackDAO.java,com.DataLayer.DAO.Track.ITrackDAO,update/1[com.Model.Track],false,21,1,0,0,0,1,0,1,0,0,1,0,0,0,0,0,0,0,0,0,0,0,0,0,0,0,37,0,0,true
C:\Dev\Projects\Uni\Software_design\Gruppo-01SAD\src\main\java\com\Controller\playback\PlaybackTimerManager.java,com.Controller.playback.PlaybackTimerManager,resume/0,false,56,0,1,1,0,3,1,8,0,0,0,1,0,0,0,2,0,0,0,0,0,0,1,0,0,0,6,1,0,false
C:\Dev\Projects\Uni\Software_design\Gruppo-01SAD\src\main\java\com\Controller\playback\PlaybackTimerManager.java,com.Controller.playback.PlaybackTimerManager,pause/0,false,45,0,2,2,0,3,1,8,0,0,0,1,0,0,0,2,0,0,0,0,0,0,1,0,0,0,6,1,0,false
C:\Dev\Projects\Uni\Software_design\Gruppo-01SAD\src\main\java\com\Controller\playback\PlaybackTimerManager.java,com.Controller.playback.PlaybackTimerManager,"start/3[com.Model.Track,java.util.function.Consumer<java.lang.Integer>,java.lang.Runnable]",false,17,5,3,1,2,1,8,15,0,3,3,8,1,1,0,0,0,0,0,2,4,0,1,0,0,2,17,1,0,false
C:\Dev\Projects\Uni\Software_design\Gruppo-01SAD\src\main\java\com\Controller\playback\PlaybackTimerManager.java,com.Controller.playback.PlaybackTimerManager,stop/0,false,34,0,8,8,0,3,1,8,0,0,0,1,0,0,0,2,0,0,0,0,0,0,1,0,0,0,6,1,0,false
C:\Dev\Projects\Uni\Software_design\Gruppo-01SAD\src\main\java\com\Controller\playback\PlaybackTimerManager.java,com.Controller.playback.PlaybackTimerManager,getFormattedTime/1[int],false,65,0,1,1,0,1,1,5,1,2,1,1,0,0,0,0,0,0,1,2,2,2,0,0,0,0,7,1,0,false
C:\Dev\Projects\Uni\Software_design\Gruppo-01SAD\src\main\java\com\Controller\track\ITrackImporter.java,com.Controller.track.ITrackImporter,selectAudioFile/1[com.Controller.track.Window],false,10,1,0,0,0,1,0,1,0,0,1,0,0,0,0,0,0,0,0,0,0,0,0,0,0,0,5,0,0,false
C:\Dev\Projects\Uni\Software_design\Gruppo-01SAD\src\main\java\com\Model\LocalTrackFactory.java,com.Model.LocalTrackFactory,"instantiateTrack/8[java.lang.String,java.lang.String,int,java.lang.String,int,java.lang.String,java.lang.String,com.Model.TrackTag]",false,41,3,3,0,3,3,4,10,1,3,8,4,0,0,0,0,0,0,1,0,3,1,1,0,0,0,92,1,0,true
C:\Dev\Projects\Uni\Software_design\Gruppo-01SAD\src\main\java\com\Controller\navigation\ViewNavigator.java,com.Controller.navigation.ViewNavigator,loadPlaylistView/1[com.Model.Playlist],false,29,6,6,1,5,2,13,16,0,3,1,13,0,0,0,0,1,0,1,0,3,0,1,0,0,0,31,1,0,true
C:\Dev\Projects\Uni\Software_design\Gruppo-01SAD\src\main\java\com\Controller\navigation\ViewNavigator.java,com.Controller.navigation.ViewNavigator,"ViewNavigator/2[com.Controller.navigation.StackPane,com.Controller.core.MainController]",true,20,2,1,1,0,1,0,4,0,0,2,0,0,0,0,0,0,0,0,0,2,0,0,0,0,0,9,1,0,false
C:\Dev\Projects\Uni\Software_design\Gruppo-01SAD\src\main\java\com\Controller\navigation\ViewNavigator.java,com.Controller.navigation.ViewNavigator,restoreMainLibraryView/1[com.Controller.navigation.Node],false,51,4,6,1,5,2,8,10,0,1,1,8,0,0,0,1,0,0,0,0,1,0,1,0,0,0,21,1,0,true
C:\Dev\Projects\Uni\Software_design\Gruppo-01SAD\src\main\java\com\DataLayer\DAO\DatabaseManager.java,com.DataLayer.DAO.DatabaseManager,setTestMode/1[boolean],false,58,1,1,0,1,2,1,6,0,0,1,1,1,1,0,0,0,0,1,0,1,0,1,0,0,0,12,9,0,false
C:\Dev\Projects\Uni\Software_design\Gruppo-01SAD\src\main\java\com\DataLayer\DAO\DatabaseManager.java,com.DataLayer.DAO.DatabaseManager,DatabaseManager/0,true,22,0,0,0,0,1,0,2,0,0,0,0,0,0,0,0,0,0,0,0,0,0,0,0,0,0,8,2,0,true
C:\Dev\Projects\Uni\Software_design\Gruppo-01SAD\src\main\java\com\DataLayer\DAO\DatabaseManager.java,com.DataLayer.DAO.DatabaseManager,getConnection/0,false,31,0,14,14,0,4,5,13,1,0,0,5,0,0,0,1,1,0,3,0,1,0,2,0,0,0,62,9,0,true
C:\Dev\Projects\Uni\Software_design\Gruppo-01SAD\src\main\java\com\DataLayer\DAO\DatabaseManager.java,com.DataLayer.DAO.DatabaseManager,closeConnection/0,false,45,0,2,2,0,4,3,12,0,0,0,3,0,0,0,1,1,0,0,0,0,0,3,0,0,0,9,9,0,false
C:\Dev\Projects\Uni\Software_design\Gruppo-01SAD\src\main\java\com\Command\ModifyTrack.java,com.Command.ModifyTrack,execute/0,false,102,2,2,0,2,3,4,9,0,0,0,4,0,0,0,1,1,0,1,0,0,1,2,0,0,0,32,1,0,true
C:\Dev\Projects\Uni\Software_design\Gruppo-01SAD\src\main\java\com\Command\ModifyTrack.java,com.Command.ModifyTrack,"ModifyTrack/11[com.Model.Library,com.Model.Track,java.lang.String,java.lang.String,int,java.lang.String,int,java.lang.String,java.lang.String,com.Model.TrackTag,com.DataLayer.DAO.Track.TrackDAO]",true,49,4,9,1,8,1,8,21,0,0,11,8,0,0,0,0,0,0,0,0,19,0,0,0,0,0,66,1,0,true
C:\Dev\Projects\Uni\Software_design\Gruppo-01SAD\src\main\java\com\Command\ModifyTrack.java,com.Command.ModifyTrack,undo/0,false,83,2,2,0,2,3,4,9,0,0,0,4,0,0,0,1,1,0,1,0,0,1,2,0,0,0,43,1,0,true
C:\Dev\Projects\Uni\Software_design\Gruppo-01SAD\src\main\java\com\Command\MoveUpTrack.java,com.Command.MoveUpTrack,"MoveUpTrack/2[com.Command.ObservableList<com.Model.Track>,com.Model.Track]",true,24,2,2,2,0,1,0,4,0,0,2,0,0,0,0,0,0,0,0,0,2,0,0,0,0,0,25,1,0,true
C:\Dev\Projects\Uni\Software_design\Gruppo-01SAD\src\main\java\com\Command\MoveUpTrack.java,com.Command.MoveUpTrack,execute/0,false,36,0,0,0,0,2,2,7,0,1,0,2,0,0,0,0,0,0,0,2,2,1,1,0,0,0,28,1,0,true
C:\Dev\Projects\Uni\Software_design\Gruppo-01SAD\src\main\java\com\Command\MoveUpTrack.java,com.Command.MoveUpTrack,undo/0,false,51,0,0,0,0,2,1,5,0,0,0,1,0,0,0,0,0,0,0,2,0,1,1,0,0,0,35,1,0,true
C:\Dev\Projects\Uni\Software_design\Gruppo-01SAD\src\main\java\com\Controller\playlist\PlaylistController.java,com.Controller.playlist.PlaylistController,getSelectedTrack/0,false,165,1,4,4,0,2,2,6,2,0,0,2,0,0,0,1,0,0,0,0,0,0,1,0,0,0,6,1,0,false
C:\Dev\Projects\Uni\Software_design\Gruppo-01SAD\src\main\java\com\Controller\playlist\PlaylistController.java,com.Controller.playlist.PlaylistController,clearSelection/0,false,151,0,0,0,0,2,2,5,0,0,0,2,0,0,0,1,0,0,0,0,0,0,1,0,0,0,14,1,0,true
C:\Dev\Projects\Uni\Software_design\Gruppo-01SAD\src\main\java\com\Controller\playlist\PlaylistController.java,com.Controller.playlist.PlaylistController,handleMoveDownPlaylist/1[com.Controller.playlist.ActionEvent],false,278,10,8,0,8,4,10,12,0,4,1,10,2,1,0,1,0,0,0,3,4,2,2,0,0,0,18,2,0,false
C:\Dev\Projects\Uni\Software_design\Gruppo-01SAD\src\main\java\com\Controller\playlist\PlaylistController.java,com.Controller.playlist.PlaylistController,setPlaylistData/1[com.Model.Playlist],false,122,1,3,1,2,1,4,5,0,0,1,4,0,0,0,0,0,0,0,0,1,0,0,0,0,0,19,1,0,true
C:\Dev\Projects\Uni\Software_design\Gruppo-01SAD\src\main\java\com\Controller\playlist\PlaylistController.java,com.Controller.playlist.PlaylistController,dispose/0,false,257,3,4,1,3,2,3,5,0,0,0,3,0,0,0,1,0,0,0,0,0,0,1,0,0,0,12,1,0,true
C:\Dev\Projects\Uni\Software_design\Gruppo-01SAD\src\main\java\com\Controller\playlist\PlaylistController.java,com.Controller.playlist.PlaylistController,getPlaylistTrackList/0,false,161,2,1,1,0,1,0,3,1,0,0,0,0,0,0,0,0,0,0,0,0,0,0,0,0,0,15,1,0,true
C:\Dev\Projects\Uni\Software_design\Gruppo-01SAD\src\main\java\com\Controller\playlist\PlaylistController.java,com.Controller.playlist.PlaylistController,handleMoveUpPlaylist/1[com.Controller.playlist.ActionEvent],false,264,10,7,0,7,3,9,11,0,3,1,9,2,1,0,1,0,0,0,2,3,1,2,0,0,0,17,2,0,false
C:\Dev\Projects\Uni\Software_design\Gruppo-01SAD\src\main\java\com\Controller\playlist\PlaylistController.java,com.Controller.playlist.PlaylistController,initialize/0,false,63,5,0,0,0,8,19,44,1,17,0,19,0,0,0,7,0,3,5,3,7,1,3,0,0,4,45,1,0,true
C:\Dev\Projects\Uni\Software_design\Gruppo-01SAD\src\main\java\com\Controller\playlist\PlaylistController.java,com.Controller.playlist.PlaylistController,selectTrack/1[com.Model.Track],false,186,1,1,1,0,1,2,3,0,0,1,2,0,0,0,0,0,0,0,0,0,0,0,0,0,0,21,1,0,true
C:\Dev\Projects\Uni\Software_design\Gruppo-01SAD\src\main\java\com\Controller\playlist\PlaylistController.java,com.Controller.playlist.PlaylistController,handleRemoveFromPlaylist/1[com.Controller.playlist.ActionEvent],false,199,14,19,0,19,6,27,22,1,5,1,27,0,0,0,2,0,0,8,0,5,1,2,0,0,0,45,1,0,true
C:\Dev\Projects\Uni\Software_design\Gruppo-01SAD\src\main\java\com\Controller\playlist\PlaylistController.java,com.Controller.playlist.PlaylistController,handleLoopPlaylist/1[com.Controller.playlist.ActionEvent],false,235,5,3,0,3,1,3,3,0,0,1,3,0,0,0,0,0,0,0,0,0,0,0,0,0,0,19,1,0,true
C:\Dev\Projects\Uni\Software_design\Gruppo-01SAD\src\main\java\com\Controller\playlist\PlaylistController.java,com.Controller.playlist.PlaylistController,handleBackToLibrary/0,false,141,2,2,0,2,2,2,6,0,0,0,2,0,0,0,1,0,0,0,0,0,0,1,0,0,0,15,1,0,true
C:\Dev\Projects\Uni\Software_design\Gruppo-01SAD\src\main\java\com\Controller\playlist\PlaylistController.java,com.Controller.playlist.PlaylistController,onPlaybackChanged/1[com.Model.Track],false,246,1,0,0,0,2,2,8,0,0,1,2,0,0,0,1,0,0,0,0,0,0,2,0,0,1,30,1,0,true
C:\Dev\Projects\Uni\Software_design\Gruppo-01SAD\src\main\java\com\Controller\playlist\PlaylistController.java,com.Controller.playlist.PlaylistController,handleAddToPlaylist/1[com.Controller.playlist.ActionEvent],false,133,3,1,0,1,1,1,3,0,0,1,1,0,0,0,0,0,0,0,0,0,0,0,0,0,0,19,1,0,true
C:\Dev\Projects\Uni\Software_design\Gruppo-01SAD\src\main\java\com\Controller\playlist\PlaylistController.java,com.Controller.playlist.PlaylistController,getCurrentPlaylist/0,false,176,1,4,4,0,1,0,3,1,0,0,0,0,0,0,0,0,0,0,0,0,0,0,0,0,0,15,1,0,true
C:\Dev\Projects\Uni\Software_design\Gruppo-01SAD\src\main\java\com\Controller\playlist\PlaylistController.java,com.Controller.playlist.PlaylistController,setMainController/1[com.Controller.core.MainController],false,112,3,4,1,3,1,3,4,0,0,1,3,0,0,0,0,0,0,0,0,1,0,0,0,0,0,10,1,0,true
C:\Dev\Projects\Uni\Software_design\Gruppo-01SAD\src\main\java\com\Model\PlaylistCatalog.java,com.Model.PlaylistCatalog,addPlaylist/1[com.Model.Playlist],false,13,1,1,1,0,2,2,5,0,0,1,2,0,0,0,0,0,0,0,0,0,0,1,0,0,0,3,1,0,false
C:\Dev\Projects\Uni\Software_design\Gruppo-01SAD\src\main\java\com\Model\PlaylistCatalog.java,com.Model.PlaylistCatalog,"addPlaylist/2[int,com.Model.Playlist]",false,19,1,1,1,0,1,1,3,0,0,2,1,0,0,0,0,0,0,0,0,0,0,0,0,0,0,3,1,0,false
C:\Dev\Projects\Uni\Software_design\Gruppo-01SAD\src\main\java\com\Model\PlaylistCatalog.java,com.Model.PlaylistCatalog,"updatePlaylist/2[com.Model.Playlist,java.lang.String]",false,27,1,3,2,1,1,3,5,0,1,2,3,0,0,0,0,0,0,0,0,1,0,0,0,0,0,5,1,0,false
C:\Dev\Projects\Uni\Software_design\Gruppo-01SAD\src\main\java\com\Model\PlaylistCatalog.java,com.Model.PlaylistCatalog,removePlaylist/1[com.Model.Playlist],false,23,1,2,2,0,1,1,3,1,0,1,1,0,0,0,0,0,0,0,0,0,0,0,0,0,0,3,1,0,false
C:\Dev\Projects\Uni\Software_design\Gruppo-01SAD\src\main\java\com\Model\PlaylistCatalog.java,com.Model.PlaylistCatalog,getPlaylists/0,false,9,2,7,7,0,1,0,3,1,0,0,0,0,0,0,0,0,0,0,0,0,0,0,0,0,0,3,1,0,false
C:\Dev\Projects\Uni\Software_design\Gruppo-01SAD\src\main\java\com\State\PlayingState.java,com.State.PlayingState,pause/0,false,48,1,2,0,2,1,2,3,0,0,0,2,0,0,0,0,0,0,0,0,0,0,0,0,0,0,16,1,0,true
C:\Dev\Projects\Uni\Software_design\Gruppo-01SAD\src\main\java\com\State\PlayingState.java,com.State.PlayingState,PlayingState/1[com.State.PlayerContext],true,28,1,1,1,0,1,0,3,0,0,1,0,0,0,0,0,0,0,0,0,1,0,0,0,0,0,17,1,0,true
C:\Dev\Projects\Uni\Software_design\Gruppo-01SAD\src\main\java\com\State\PlayingState.java,com.State.PlayingState,previous/0,false,84,4,7,0,7,2,8,11,0,1,0,8,0,0,0,1,0,0,2,0,1,1,1,0,0,0,30,1,0,true
C:\Dev\Projects\Uni\Software_design\Gruppo-01SAD\src\main\java\com\State\PlayingState.java,com.State.PlayingState,stop/0,false,56,0,0,0,0,1,0,2,0,0,0,0,0,0,0,0,0,0,0,0,0,0,0,0,0,0,9,1,0,true
C:\Dev\Projects\Uni\Software_design\Gruppo-01SAD\src\main\java\com\State\PlayingState.java,com.State.PlayingState,next/0,false,66,4,7,0,7,2,8,11,0,1,0,8,0,0,0,1,0,0,2,0,1,1,1,0,0,0,28,1,0,true
C:\Dev\Projects\Uni\Software_design\Gruppo-01SAD\src\main\java\com\State\PlayingState.java,com.State.PlayingState,play/1[com.Model.Track],false,39,2,1,0,1,1,1,3,0,0,1,1,0,0,0,0,0,0,0,0,0,0,0,0,0,0,24,1,0,true
C:\Dev\Projects\Uni\Software_design\Gruppo-01SAD\src\main\java\com\Controller\track\TrackTableController.java,com.Controller.track.TrackTableController,openModifyTrackView/1[com.Controller.track.ActionEvent],false,154,6,7,1,6,2,6,8,1,1,1,6,1,1,0,1,0,0,4,0,1,1,1,0,0,0,31,1,0,true
C:\Dev\Projects\Uni\Software_design\Gruppo-01SAD\src\main\java\com\Controller\track\TrackTableController.java,com.Controller.track.TrackTableController,getSelectedTrack/0,false,120,1,6,6,0,1,2,3,1,0,0,2,0,0,0,0,0,0,0,0,0,0,0,0,0,0,17,1,0,true
C:\Dev\Projects\Uni\Software_design\Gruppo-01SAD\src\main\java\com\Controller\track\TrackTableController.java,com.Controller.track.TrackTableController,handleMoveUp/1[com.Controller.track.ActionEvent],false,234,9,8,1,7,3,9,11,0,3,1,9,1,1,0,1,0,0,0,2,3,1,2,0,0,0,15,1,0,false
C:\Dev\Projects\Uni\Software_design\Gruppo-01SAD\src\main\java\com\Controller\track\TrackTableController.java,com.Controller.track.TrackTableController,selectTrack/1[com.Model.Track],false,136,1,1,1,0,1,2,3,0,0,1,2,0,0,0,0,0,0,0,0,0,0,0,0,0,0,20,1,0,true
C:\Dev\Projects\Uni\Software_design\Gruppo-01SAD\src\main\java\com\Controller\track\TrackTableController.java,com.Controller.track.TrackTableController,handleMoveDown/1[com.Controller.track.ActionEvent],false,247,9,9,1,8,4,10,12,0,4,1,10,1,1,0,1,0,0,0,3,4,2,2,0,0,0,16,1,0,false
C:\Dev\Projects\Uni\Software_design\Gruppo-01SAD\src\main\java\com\Controller\track\TrackTableController.java,com.Controller.track.TrackTableController,handleRemoveTrack/1[com.Controller.track.ActionEvent],false,173,14,25,1,24,6,27,23,1,5,1,27,2,1,0,3,0,0,6,0,5,1,2,0,0,0,55,1,0,true
C:\Dev\Projects\Uni\Software_design\Gruppo-01SAD\src\main\java\com\Controller\track\TrackTableController.java,com.Controller.track.TrackTableController,dispose/0,false,230,3,3,0,3,1,3,3,0,0,0,3,0,0,0,0,0,0,0,0,0,0,0,0,0,0,11,1,0,true
C:\Dev\Projects\Uni\Software_design\Gruppo-01SAD\src\main\java\com\Controller\track\TrackTableController.java,com.Controller.track.TrackTableController,onPlaybackChanged/1[com.Model.Track],false,217,1,0,0,0,2,3,9,0,0,1,3,0,0,0,1,0,0,0,0,0,0,2,0,0,1,30,1,0,true
C:\Dev\Projects\Uni\Software_design\Gruppo-01SAD\src\main\java\com\Controller\track\TrackTableController.java,com.Controller.track.TrackTableController,"init/14[com.Controller.core.MainController,com.Controller.track.TableView<com.Model.Track>,com.Controller.track.TableColumn<com.Model.Track,java.lang.String>,com.Controller.track.TableColumn<com.Model.Track,java.lang.String>,com.Controller.track.TableColumn<com.Model.Track,java.lang.String>,com.Controller.track.VBox,com.Controller.track.Label,com.Controller.track.Label,com.Controller.track.Label,com.Controller.track.Label,com.Controller.track.Label,com.Controller.track.Label,com.Controller.track.Label,com.Controller.track.Label]",false,64,10,7,1,6,8,32,48,1,15,14,32,0,0,0,7,0,0,5,4,6,1,3,0,0,5,68,1,0,true
C:\Dev\Projects\Uni\Software_design\Gruppo-01SAD\src\main\java\com\Controller\track\TrackTableController.java,com.Controller.track.TrackTableController,openAddTrackWindow/1[com.Controller.track.ActionEvent],false,144,4,4,1,3,1,3,3,0,0,1,3,0,0,0,0,0,0,2,0,0,0,0,0,0,0,22,1,0,true
C:\Dev\Projects\Uni\Software_design\Gruppo-01SAD\src\main\java\com\Controller\track\TrackTableController.java,com.Controller.track.TrackTableController,clearSelection/0,false,127,0,2,2,0,1,2,3,0,0,0,2,0,0,0,0,0,0,0,0,0,0,0,0,0,0,9,1,0,true
C:\Dev\Projects\Uni\Software_design\Gruppo-01SAD\src\main\java\com\DataLayer\TrackProxy.java,com.DataLayer.TrackProxy,startPlayback/0,false,45,2,2,0,2,1,2,4,0,0,0,2,1,1,0,0,0,0,0,0,0,0,0,0,0,0,15,1,0,true
C:\Dev\Projects\Uni\Software_design\Gruppo-01SAD\src\main\java\com\DataLayer\TrackProxy.java,com.DataLayer.TrackProxy,isPlaying/0,false,84,1,1,0,1,2,1,6,2,0,0,1,0,0,0,1,0,0,0,0,0,0,1,0,0,0,20,1,0,true
C:\Dev\Projects\Uni\Software_design\Gruppo-01SAD\src\main\java\com\DataLayer\TrackProxy.java,com.DataLayer.TrackProxy,load/0,false,32,1,3,1,2,2,1,6,0,0,0,1,0,0,0,1,0,0,0,0,1,0,1,0,0,0,18,1,0,true
C:\Dev\Projects\Uni\Software_design\Gruppo-01SAD\src\main\java\com\DataLayer\TrackProxy.java,com.DataLayer.TrackProxy,TrackProxy/1[java.lang.String],true,23,0,2,2,0,1,0,3,0,0,1,0,0,0,0,0,0,0,0,0,1,0,0,0,0,0,17,1,0,true
C:\Dev\Projects\Uni\Software_design\Gruppo-01SAD\src\main\java\com\DataLayer\TrackProxy.java,com.DataLayer.TrackProxy,resumePlayback/0,false,73,1,1,0,1,2,1,5,0,0,0,1,0,0,0,1,0,0,0,0,0,0,1,0,0,0,5,1,0,false
C:\Dev\Projects\Uni\Software_design\Gruppo-01SAD\src\main\java\com\DataLayer\TrackProxy.java,com.DataLayer.TrackProxy,stopPlayback/0,false,55,1,1,0,1,2,1,5,0,0,0,1,0,0,0,1,0,0,0,0,0,0,1,0,0,0,11,1,0,true
C:\Dev\Projects\Uni\Software_design\Gruppo-01SAD\src\main\java\com\DataLayer\TrackProxy.java,com.DataLayer.TrackProxy,pausePlayback/0,false,64,1,1,0,1,2,1,5,0,0,0,1,0,0,0,1,0,0,0,0,0,0,1,0,0,0,5,1,0,false
C:\Dev\Projects\Uni\Software_design\Gruppo-01SAD\src\main\java\com\Model\Playlist.java,com.Model.Playlist,indexOf/1[com.Model.Track],false,121,1,1,1,0,1,1,3,1,0,1,1,0,0,0,0,0,0,0,0,0,0,0,0,0,0,4,1,0,false
C:\Dev\Projects\Uni\Software_design\Gruppo-01SAD\src\main\java\com\Model\Playlist.java,com.Model.Playlist,getTotalDuration/0,false,146,1,2,1,1,2,1,7,1,1,0,1,0,0,1,0,0,0,0,1,2,0,1,0,0,0,18,1,0,true
C:\Dev\Projects\Uni\Software_design\Gruppo-01SAD\src\main\java\com\Model\Playlist.java,com.Model.Playlist,"addTrack/2[int,com.Model.Track]",false,103,1,1,1,0,3,2,5,0,0,2,2,0,0,0,1,0,0,0,0,0,0,1,0,0,0,28,1,0,true
C:\Dev\Projects\Uni\Software_design\Gruppo-01SAD\src\main\java\com\Model\Playlist.java,com.Model.Playlist,getPlayCount/0,false,62,0,1,1,0,1,0,3,1,0,0,0,0,0,0,0,0,0,0,0,0,0,0,0,0,0,3,1,0,false
C:\Dev\Projects\Uni\Software_design\Gruppo-01SAD\src\main\java\com\Model\Playlist.java,com.Model.Playlist,getId/0,false,70,0,7,7,0,1,0,3,1,0,0,0,0,0,0,0,0,0,0,0,0,0,0,0,0,0,9,1,0,true
C:\Dev\Projects\Uni\Software_design\Gruppo-01SAD\src\main\java\com\Model\Playlist.java,com.Model.Playlist,removeTrack/1[com.Model.Track],false,116,1,1,1,0,1,1,3,1,0,1,1,0,0,0,0,0,0,0,0,0,0,0,0,0,0,19,1,0,true
C:\Dev\Projects\Uni\Software_design\Gruppo-01SAD\src\main\java\com\Model\Playlist.java,com.Model.Playlist,setName/1[java.lang.String],false,40,0,2,2,0,3,3,6,0,0,1,3,0,0,0,1,0,0,1,0,0,0,1,0,0,0,21,1,0,true
C:\Dev\Projects\Uni\Software_design\Gruppo-01SAD\src\main\java\com\Model\Playlist.java,com.Model.Playlist,Playlist/1[java.lang.String],true,29,1,4,3,1,1,4,5,0,0,1,4,1,1,0,0,0,0,0,0,2,0,0,0,0,0,34,1,0,true
C:\Dev\Projects\Uni\Software_design\Gruppo-01SAD\src\main\java\com\Model\Playlist.java,com.Model.Playlist,toString/0,false,186,0,0,0,0,1,1,3,1,0,0,1,0,0,0,0,0,0,0,0,0,0,0,0,0,0,8,1,0,true
C:\Dev\Projects\Uni\Software_design\Gruppo-01SAD\src\main\java\com\Model\Playlist.java,com.Model.Playlist,getFormattedTotalDuration/0,false,161,1,1,0,1,2,2,12,2,4,0,2,1,1,0,0,0,1,2,5,4,4,1,0,0,0,24,1,0,true
C:\Dev\Projects\Uni\Software_design\Gruppo-01SAD\src\main\java\com\Model\Playlist.java,com.Model.Playlist,incrementPlayCount/0,false,177,0,1,1,0,1,0,3,0,0,0,0,0,0,0,0,0,0,0,0,0,0,0,0,0,0,9,1,0,true
C:\Dev\Projects\Uni\Software_design\Gruppo-01SAD\src\main\java\com\Model\Playlist.java,com.Model.Playlist,getTracksCount/0,false,137,0,3,3,0,1,1,3,1,0,0,1,0,0,0,0,0,0,0,0,0,0,0,0,0,0,11,1,0,true
C:\Dev\Projects\Uni\Software_design\Gruppo-01SAD\src\main\java\com\Model\Playlist.java,com.Model.Playlist,hashCode/0,false,213,0,0,0,0,1,1,3,1,0,0,1,0,0,0,0,0,0,0,0,0,0,0,0,0,0,14,1,0,true
C:\Dev\Projects\Uni\Software_design\Gruppo-01SAD\src\main\java\com\Model\Playlist.java,com.Model.Playlist,addTrack/1[com.Model.Track],false,88,1,1,1,0,3,2,5,0,0,1,2,0,0,0,1,0,0,0,0,0,0,1,0,0,0,20,1,0,true
C:\Dev\Projects\Uni\Software_design\Gruppo-01SAD\src\main\java\com\Model\Playlist.java,com.Model.Playlist,getTracks/0,false,129,2,10,10,0,1,0,3,1,0,0,0,0,0,0,0,0,0,0,0,0,0,0,0,0,0,17,1,0,true
C:\Dev\Projects\Uni\Software_design\Gruppo-01SAD\src\main\java\com\Model\Playlist.java,com.Model.Playlist,setPlayCount/1[int],false,55,0,1,1,0,2,0,6,0,0,1,0,0,0,0,0,0,0,1,1,1,0,1,0,0,0,13,1,0,false
C:\Dev\Projects\Uni\Software_design\Gruppo-01SAD\src\main\java\com\Model\Playlist.java,com.Model.Playlist,equals/1[java.lang.Object],false,199,1,1,1,0,3,1,6,3,1,1,1,0,0,0,1,0,1,0,0,1,0,1,0,0,0,31,1,0,true
C:\Dev\Projects\Uni\Software_design\Gruppo-01SAD\src\main\java\com\Model\Playlist.java,com.Model.Playlist,getName/0,false,51,0,9,9,0,1,1,3,1,0,0,1,0,0,0,0,0,0,0,0,0,0,0,0,0,0,13,1,0,true
C:\Dev\Projects\Uni\Software_design\Gruppo-01SAD\src\main\java\com\Model\Playlist.java,com.Model.Playlist,getNameProperty/0,false,78,1,0,0,0,1,0,3,1,0,0,0,0,0,0,0,0,0,0,0,0,0,0,0,0,0,12,1,0,true
C:\Dev\Projects\Uni\Software_design\Gruppo-01SAD\src\main\java\com\Command\RemoveTrack.java,com.Command.RemoveTrack,execute/0,false,59,5,7,0,7,7,11,21,0,1,0,11,0,0,2,2,1,0,1,1,2,1,3,0,0,0,24,1,0,true
C:\Dev\Projects\Uni\Software_design\Gruppo-01SAD\src\main\java\com\Command\RemoveTrack.java,com.Command.RemoveTrack,undo/0,false,91,5,7,0,7,7,13,24,0,2,0,13,0,0,2,2,1,0,1,1,2,1,3,0,0,0,25,1,0,true
C:\Dev\Projects\Uni\Software_design\Gruppo-01SAD\src\main\java\com\Command\RemoveTrack.java,com.Command.RemoveTrack,"RemoveTrack/3[com.Model.ITrackContainer,com.Model.Track,com.DataLayer.DAO.Track.TrackDAO]",true,37,3,1,1,0,1,0,7,0,0,3,0,0,0,0,0,0,0,0,0,5,0,0,0,0,0,26,1,0,true
C:\Dev\Projects\Uni\Software_design\Gruppo-01SAD\src\main\java\com\Command\RemoveTrack.java,com.Command.RemoveTrack,"RemoveTrack/5[com.Model.ITrackContainer,com.Model.Track,com.Model.PlaylistCatalog,com.DataLayer.DAO.Track.TrackDAO,com.DataLayer.DAO.Playlist.PlaylistDAO]",true,46,5,1,1,0,1,0,5,0,0,5,0,0,0,0,0,0,0,0,0,2,0,0,0,0,0,9,1,0,false
C:\Dev\Projects\Uni\Software_design\Gruppo-01SAD\src\main\java\com\Controller\track\AddModTrackController.java,com.Controller.track.AddModTrackController,setMainController/1[com.Controller.core.MainController],false,70,1,1,1,0,1,0,3,0,0,1,0,0,0,0,0,0,0,0,0,1,0,0,0,0,0,22,1,0,true
C:\Dev\Projects\Uni\Software_design\Gruppo-01SAD\src\main\java\com\Controller\track\AddModTrackController.java,com.Controller.track.AddModTrackController,initialize/0,false,75,3,1,0,1,1,4,5,0,1,0,4,0,0,0,0,0,0,1,0,1,0,0,0,0,0,3,1,0,false
C:\Dev\Projects\Uni\Software_design\Gruppo-01SAD\src\main\java\com\Controller\track\AddModTrackController.java,com.Controller.track.AddModTrackController,handleDelete/1[com.Controller.track.ActionEvent],false,117,3,1,0,1,1,1,3,0,0,1,1,1,1,0,0,0,0,0,0,0,0,0,0,0,0,17,1,0,true
C:\Dev\Projects\Uni\Software_design\Gruppo-01SAD\src\main\java\com\Controller\track\AddModTrackController.java,com.Controller.track.AddModTrackController,closeWindow/0,false,228,1,2,2,0,1,3,4,0,1,0,3,0,0,0,0,0,0,0,0,1,0,0,0,0,0,11,2,0,true
C:\Dev\Projects\Uni\Software_design\Gruppo-01SAD\src\main\java\com\Controller\track\AddModTrackController.java,com.Controller.track.AddModTrackController,handleSave/1[com.Controller.track.ActionEvent],false,132,13,13,0,13,11,16,41,0,12,1,16,2,1,0,5,1,1,3,2,15,0,3,0,0,0,91,1,0,true
C:\Dev\Projects\Uni\Software_design\Gruppo-01SAD\src\main\java\com\Controller\track\AddModTrackController.java,com.Controller.track.AddModTrackController,handleSelectFile/1[com.Controller.track.ActionEvent],false,189,5,1,0,1,2,6,7,0,2,1,6,1,1,0,1,0,1,0,0,2,0,1,0,0,0,31,1,0,true
C:\Dev\Projects\Uni\Software_design\Gruppo-01SAD\src\main\java\com\Controller\track\AddModTrackController.java,com.Controller.track.AddModTrackController,selectAudioFile/1[com.Controller.track.Window],false,208,2,1,1,0,3,8,14,1,3,1,8,0,0,0,0,0,0,5,0,3,0,1,0,0,0,37,1,0,true
C:\Dev\Projects\Uni\Software_design\Gruppo-01SAD\src\main\java\com\Controller\track\AddModTrackController.java,com.Controller.track.AddModTrackController,AddModTrackController/1[com.Model.TrackFactory],true,60,1,0,0,0,1,0,3,0,0,1,0,0,0,0,0,0,0,0,0,1,0,0,0,0,0,6,1,0,false
C:\Dev\Projects\Uni\Software_design\Gruppo-01SAD\src\main\java\com\Controller\track\AddModTrackController.java,com.Controller.track.AddModTrackController,convertSeconds/1[java.lang.String],false,240,0,1,1,0,2,3,9,2,3,1,3,0,0,0,1,0,1,1,5,3,2,1,0,0,0,24,2,0,true
C:\Dev\Projects\Uni\Software_design\Gruppo-01SAD\src\main\java\com\Controller\track\AddModTrackController.java,com.Controller.track.AddModTrackController,setTrack/1[com.Model.Track],false,89,1,10,1,9,7,14,22,0,0,1,14,0,0,0,6,0,2,2,2,3,0,2,0,0,0,37,1,0,true
C:\Dev\Projects\Uni\Software_design\Gruppo-01SAD\src\main\java\com\DataLayer\IAudioTrack.java,com.DataLayer.IAudioTrack,resumePlayback/0,false,34,0,1,1,0,1,0,1,0,0,0,0,0,0,0,0,0,0,0,0,0,0,0,0,0,0,12,0,0,true
C:\Dev\Projects\Uni\Software_design\Gruppo-01SAD\src\main\java\com\DataLayer\IAudioTrack.java,com.DataLayer.IAudioTrack,startPlayback/0,false,19,0,0,0,0,1,0,1,0,0,0,0,0,0,0,0,0,0,0,0,0,0,0,0,0,0,7,0,0,true
C:\Dev\Projects\Uni\Software_design\Gruppo-01SAD\src\main\java\com\DataLayer\IAudioTrack.java,com.DataLayer.IAudioTrack,load/0,false,14,0,0,0,0,1,0,1,0,0,0,0,0,0,0,0,0,0,0,0,0,0,0,0,0,0,6,0,0,true
C:\Dev\Projects\Uni\Software_design\Gruppo-01SAD\src\main\java\com\DataLayer\IAudioTrack.java,com.DataLayer.IAudioTrack,isPlaying/0,false,39,0,0,0,0,1,0,1,0,0,0,0,0,0,0,0,0,0,0,0,0,0,0,0,0,0,14,0,0,true
C:\Dev\Projects\Uni\Software_design\Gruppo-01SAD\src\main\java\com\DataLayer\IAudioTrack.java,com.DataLayer.IAudioTrack,pausePlayback/0,false,29,0,1,1,0,1,0,1,0,0,0,0,0,0,0,0,0,0,0,0,0,0,0,0,0,0,12,0,0,true
C:\Dev\Projects\Uni\Software_design\Gruppo-01SAD\src\main\java\com\DataLayer\IAudioTrack.java,com.DataLayer.IAudioTrack,stopPlayback/0,false,24,0,3,3,0,1,0,1,0,0,0,0,0,0,0,0,0,0,0,0,0,0,0,0,0,0,10,0,0,true
C:\Dev\Projects\Uni\Software_design\Gruppo-01SAD\src\main\java\com\Main.java,com.Main,start/1[com.Stage],false,19,8,4,0,4,2,11,18,0,4,1,11,0,0,0,0,1,0,3,2,5,0,1,0,0,0,30,1,0,false
C:\Dev\Projects\Uni\Software_design\Gruppo-01SAD\src\main\java\com\Main.java,com.Main,main/1[java.lang.String[]],false,51,0,0,0,0,1,1,3,0,0,1,1,0,0,0,0,0,0,0,0,0,0,0,0,0,0,3,9,0,false
C:\Dev\Projects\Uni\Software_design\Gruppo-01SAD\src\main\java\com\Main.java,com.Main,stop/0,false,38,4,5,0,5,3,7,9,0,0,0,7,0,0,0,2,0,0,1,0,0,0,1,0,0,0,8,1,0,false
C:\Dev\Projects\Uni\Software_design\Gruppo-01SAD\src\main\java\com\Command\ICommand.java,com.Command.ICommand,undo/0,false,9,0,1,1,0,1,0,1,0,0,0,0,0,0,0,0,0,0,0,0,0,0,0,0,0,0,7,0,0,true
C:\Dev\Projects\Uni\Software_design\Gruppo-01SAD\src\main\java\com\Command\ICommand.java,com.Command.ICommand,execute/0,false,14,0,1,1,0,1,0,1,0,0,0,0,0,0,0,0,0,0,0,0,0,0,0,0,0,0,4,0,0,true
C:\Dev\Projects\Uni\Software_design\Gruppo-01SAD\src\main\java\com\Controller\core\MainController.java,com.Controller.core.MainController,openAddPlaylistView/1[com.Controller.core.ActionEvent],false,339,4,2,0,2,1,2,3,0,0,1,2,0,0,0,0,0,0,2,0,0,0,0,0,0,0,8,1,0,false
C:\Dev\Projects\Uni\Software_design\Gruppo-01SAD\src\main\java\com\Controller\core\MainController.java,com.Controller.core.MainController,handleDeletePlaylist/1[com.Controller.core.ActionEvent],false,450,4,2,0,2,1,2,3,0,0,1,2,0,0,0,0,0,0,0,0,0,0,0,0,0,0,10,1,0,true
C:\Dev\Projects\Uni\Software_design\Gruppo-01SAD\src\main\java\com\Controller\core\MainController.java,com.Controller.core.MainController,handleMoveDown/1[com.Controller.core.ActionEvent],false,469,4,2,0,2,1,2,3,0,0,1,2,0,0,0,0,0,0,0,0,0,0,0,0,0,0,6,2,0,false
C:\Dev\Projects\Uni\Software_design\Gruppo-01SAD\src\main\java\com\Controller\core\MainController.java,com.Controller.core.MainController,handleRemoveTrack/1[com.Controller.core.ActionEvent],false,399,4,2,0,2,1,2,3,0,0,1,2,0,0,0,0,0,0,0,0,0,0,0,0,0,0,6,1,0,false
C:\Dev\Projects\Uni\Software_design\Gruppo-01SAD\src\main\java\com\Controller\core\MainController.java,com.Controller.core.MainController,updatePlayPauseButton/1[boolean],false,306,0,6,6,0,3,1,5,0,0,1,1,0,0,0,1,0,0,2,0,0,0,1,0,0,0,28,1,0,true
C:\Dev\Projects\Uni\Software_design\Gruppo-01SAD\src\main\java\com\Controller\core\MainController.java,com.Controller.core.MainController,handlePrev/1[com.Controller.core.ActionEvent],false,324,4,2,0,2,1,2,3,0,0,1,2,0,0,0,0,0,0,0,0,0,0,0,0,0,0,5,1,0,false
C:\Dev\Projects\Uni\Software_design\Gruppo-01SAD\src\main\java\com\Controller\core\MainController.java,com.Controller.core.MainController,openPlaylistView/1[com.Model.Playlist],false,348,2,2,1,1,1,1,3,0,0,1,1,0,0,0,0,0,0,0,0,0,0,0,0,0,0,4,1,0,false
C:\Dev\Projects\Uni\Software_design\Gruppo-01SAD\src\main\java\com\Controller\core\MainController.java,com.Controller.core.MainController,"setMoveButtonDisable/2[boolean,boolean]",false,454,0,1,1,0,3,1,8,0,0,2,1,0,0,0,2,0,0,0,0,0,0,1,0,0,0,10,1,0,false
C:\Dev\Projects\Uni\Software_design\Gruppo-01SAD\src\main\java\com\Controller\core\MainController.java,com.Controller.core.MainController,getAppState/0,false,473,1,44,44,0,1,0,3,1,0,0,0,0,0,0,0,0,0,0,0,0,0,0,0,0,0,4,1,0,false
C:\Dev\Projects\Uni\Software_design\Gruppo-01SAD\src\main\java\com\Controller\core\MainController.java,com.Controller.core.MainController,updateDetailPanel/1[com.Model.Track],false,420,2,10,2,8,9,13,25,0,2,1,13,0,0,0,6,0,2,3,1,2,0,2,0,0,0,10,1,0,false
C:\Dev\Projects\Uni\Software_design\Gruppo-01SAD\src\main\java\com\Controller\core\MainController.java,com.Controller.core.MainController,saveDB/0,false,205,6,10,1,9,8,16,41,0,2,0,16,0,0,2,2,4,0,6,0,3,0,3,0,0,0,51,1,0,true
C:\Dev\Projects\Uni\Software_design\Gruppo-01SAD\src\main\java\com\Controller\core\MainController.java,com.Controller.core.MainController,updateNextButton/0,false,312,2,6,4,2,2,3,5,0,0,0,3,0,0,0,1,0,0,0,0,0,0,1,0,0,0,5,1,0,false
C:\Dev\Projects\Uni\Software_design\Gruppo-01SAD\src\main\java\com\Controller\core\MainController.java,com.Controller.core.MainController,togglePlayPause/0,false,291,5,5,0,5,2,5,8,0,2,0,5,0,0,0,1,0,0,0,0,3,0,1,0,0,0,40,1,0,true
C:\Dev\Projects\Uni\Software_design\Gruppo-01SAD\src\main\java\com\Controller\core\MainController.java,com.Controller.core.MainController,openModifyTrackView/1[com.Controller.core.ActionEvent],false,334,4,2,0,2,1,2,3,0,0,1,2,0,0,0,0,0,0,0,0,0,0,0,0,0,0,7,1,0,false
C:\Dev\Projects\Uni\Software_design\Gruppo-01SAD\src\main\java\com\Controller\core\MainController.java,com.Controller.core.MainController,addTrackMainTable/1[com.Model.Track],false,263,3,2,0,2,1,2,3,0,0,1,2,0,0,0,0,0,0,0,0,0,0,0,0,0,0,5,1,0,false
C:\Dev\Projects\Uni\Software_design\Gruppo-01SAD\src\main\java\com\Controller\core\MainController.java,com.Controller.core.MainController,getBtnAddToPlaylist/0,false,248,1,0,0,0,1,0,3,1,0,0,0,0,0,0,0,0,0,0,0,0,0,0,0,0,0,7,1,0,false
C:\Dev\Projects\Uni\Software_design\Gruppo-01SAD\src\main\java\com\Controller\core\MainController.java,com.Controller.core.MainController,openAddTrackToPlaylistView/1[com.Model.Playlist],false,358,3,4,2,2,1,2,3,0,0,1,2,0,0,0,0,0,0,0,0,0,0,0,0,0,0,7,1,0,false
C:\Dev\Projects\Uni\Software_design\Gruppo-01SAD\src\main\java\com\Controller\core\MainController.java,com.Controller.core.MainController,openModPlaylistView/1[com.Controller.core.ActionEvent],false,416,4,2,0,2,1,2,3,0,0,1,2,0,0,0,0,0,0,0,0,0,0,0,0,0,0,7,1,0,false
C:\Dev\Projects\Uni\Software_design\Gruppo-01SAD\src\main\java\com\Controller\core\MainController.java,com.Controller.core.MainController,handleMoveUp/1[com.Controller.core.ActionEvent],false,464,4,2,0,2,1,2,3,0,0,1,2,0,0,0,0,0,0,0,0,0,0,0,0,0,0,6,2,0,false
C:\Dev\Projects\Uni\Software_design\Gruppo-01SAD\src\main\java\com\Controller\core\MainController.java,com.Controller.core.MainController,updateTop/0,false,151,1,3,3,0,9,16,37,0,9,0,16,0,0,0,4,1,0,1,6,5,1,4,0,0,5,37,1,0,true
C:\Dev\Projects\Uni\Software_design\Gruppo-01SAD\src\main\java\com\Controller\core\MainController.java,com.Controller.core.MainController,handleNext/1[com.Controller.core.ActionEvent],false,319,4,2,0,2,1,2,3,0,0,1,2,0,0,0,0,0,0,0,0,0,0,0,0,0,0,5,1,0,false
C:\Dev\Projects\Uni\Software_design\Gruppo-01SAD\src\main\java\com\Controller\core\MainController.java,com.Controller.core.MainController,setTrackManagementButtonVisible/1[boolean],false,252,0,2,2,0,1,2,8,0,0,1,2,0,0,0,0,0,0,0,0,0,0,0,0,0,0,6,1,0,false
C:\Dev\Projects\Uni\Software_design\Gruppo-01SAD\src\main\java\com\Controller\core\MainController.java,com.Controller.core.MainController,openAddTrackToPlaylistView/0,false,353,5,3,0,3,1,3,4,0,1,0,3,1,1,0,0,0,0,0,0,1,0,0,0,0,0,7,1,0,false
C:\Dev\Projects\Uni\Software_design\Gruppo-01SAD\src\main\java\com\Controller\core\MainController.java,com.Controller.core.MainController,openAddTrackWindow/1[com.Controller.core.ActionEvent],false,329,4,2,0,2,1,2,3,0,0,1,2,0,0,0,0,0,0,0,0,0,0,0,0,0,0,7,1,0,false
C:\Dev\Projects\Uni\Software_design\Gruppo-01SAD\src\main\java\com\Controller\core\MainController.java,com.Controller.core.MainController,notifyTrackModified/1[com.Model.Track],false,267,4,4,1,3,1,3,4,0,0,1,3,1,1,0,0,0,0,0,0,0,0,0,0,0,0,7,1,0,false
C:\Dev\Projects\Uni\Software_design\Gruppo-01SAD\src\main\java\com\Controller\core\MainController.java,com.Controller.core.MainController,restoreMainLibraryView/0,false,394,1,3,2,1,1,1,3,0,0,0,1,0,0,0,0,0,0,0,0,0,0,0,0,0,0,16,1,0,true
C:\Dev\Projects\Uni\Software_design\Gruppo-01SAD\src\main\java\com\Controller\core\MainController.java,com.Controller.core.MainController,handleBackgroundClick/1[com.Controller.core.MouseEvent],false,404,7,4,0,4,3,6,9,1,1,1,6,0,0,1,1,0,0,0,0,2,0,2,0,0,0,8,1,0,false
C:\Dev\Projects\Uni\Software_design\Gruppo-01SAD\src\main\java\com\Controller\core\MainController.java,com.Controller.core.MainController,handleUndo/1[com.Controller.core.ActionEvent],false,279,4,2,0,2,1,2,3,0,0,1,2,0,0,0,0,0,0,0,0,0,0,0,0,0,0,17,1,0,true
C:\Dev\Projects\Uni\Software_design\Gruppo-01SAD\src\main\java\com\Controller\core\MainController.java,com.Controller.core.MainController,init/1[com.Controller.core.AppState],false,106,13,20,1,19,4,32,33,0,3,1,32,1,1,0,2,0,0,10,1,3,0,3,0,0,1,48,1,0,true
C:\Dev\Projects\Uni\Software_design\Gruppo-01SAD\src\main\java\com\Controller\core\MainController.java,com.Controller.core.MainController,openAutoPlaylistWindow/1[com.Controller.core.ActionEvent],false,344,4,2,0,2,1,2,3,0,0,1,2,0,0,0,0,0,0,0,0,0,0,0,0,0,0,7,1,0,false
C:\Dev\Projects\Uni\Software_design\Gruppo-01SAD\src\main\java\com\Command\AddTrack.java,com.Command.AddTrack,execute/0,false,42,2,2,0,2,3,4,11,0,0,0,4,0,0,0,1,1,0,1,0,0,1,2,0,0,0,36,1,0,true
C:\Dev\Projects\Uni\Software_design\Gruppo-01SAD\src\main\java\com\Command\AddTrack.java,com.Command.AddTrack,"AddTrack/3[com.Model.ITrackContainer,com.Model.Track,com.DataLayer.DAO.Track.TrackDAO]",true,28,3,2,2,0,1,0,5,0,0,3,0,0,0,0,0,0,0,0,0,3,0,0,0,0,0,32,1,0,true
C:\Dev\Projects\Uni\Software_design\Gruppo-01SAD\src\main\java\com\Command\AddTrack.java,com.Command.AddTrack,undo/0,false,61,3,3,0,3,3,5,11,0,0,0,5,0,0,0,1,1,0,1,0,0,1,2,0,0,0,37,1,0,true
C:\Dev\Projects\Uni\Software_design\Gruppo-01SAD\src\main\java\com\State\IPlayerState.java,com.State.IPlayerState,stop/0,false,10,0,1,1,0,1,0,1,0,0,0,0,0,0,0,0,0,0,0,0,0,0,0,0,0,0,1,0,0,false
C:\Dev\Projects\Uni\Software_design\Gruppo-01SAD\src\main\java\com\State\IPlayerState.java,com.State.IPlayerState,pause/0,false,8,0,1,1,0,1,0,1,0,0,0,0,0,0,0,0,0,0,0,0,0,0,0,0,0,0,1,0,0,false
C:\Dev\Projects\Uni\Software_design\Gruppo-01SAD\src\main\java\com\State\IPlayerState.java,com.State.IPlayerState,play/1[com.Model.Track],false,6,1,1,1,0,1,0,1,0,0,1,0,0,0,0,0,0,0,0,0,0,0,0,0,0,0,3,0,0,false
C:\Dev\Projects\Uni\Software_design\Gruppo-01SAD\src\main\java\com\State\IPlayerState.java,com.State.IPlayerState,previous/0,false,14,0,1,1,0,1,0,1,0,0,0,0,0,0,0,0,0,0,0,0,0,0,0,0,0,0,1,0,0,false
C:\Dev\Projects\Uni\Software_design\Gruppo-01SAD\src\main\java\com\State\IPlayerState.java,com.State.IPlayerState,next/0,false,12,0,1,1,0,1,0,1,0,0,0,0,0,0,0,0,0,0,0,0,0,0,0,0,0,0,1,0,0,false
C:\Dev\Projects\Uni\Software_design\Gruppo-01SAD\src\main\java\com\Observer\IPlayerSubscriber.java,com.Observer.IPlayerSubscriber,onPlaybackChanged/1[com.Model.Track],false,13,1,1,1,0,1,0,1,0,0,1,0,0,0,0,0,0,0,0,0,0,0,0,0,0,0,30,0,0,true
C:\Dev\Projects\Uni\Software_design\Gruppo-01SAD\src\main\java\com\State\PausedState.java,com.State.PausedState,previous/0,false,50,4,7,0,7,2,7,7,0,1,0,7,0,0,0,1,0,0,0,0,1,0,1,0,0,0,3,1,0,false
C:\Dev\Projects\Uni\Software_design\Gruppo-01SAD\src\main\java\com\State\PausedState.java,com.State.PausedState,stop/0,false,33,1,2,0,2,1,2,3,0,0,0,2,0,0,0,0,0,0,0,0,0,0,0,0,0,0,1,1,0,false
C:\Dev\Projects\Uni\Software_design\Gruppo-01SAD\src\main\java\com\State\PausedState.java,com.State.PausedState,PausedState/1[com.State.PlayerContext],true,13,1,1,1,0,1,0,3,0,0,1,0,0,0,0,0,0,0,0,0,1,0,0,0,0,0,5,1,0,false
C:\Dev\Projects\Uni\Software_design\Gruppo-01SAD\src\main\java\com\State\PausedState.java,com.State.PausedState,next/0,false,40,4,7,0,7,2,7,7,0,1,0,7,0,0,0,1,0,0,0,0,1,0,1,0,0,0,3,1,0,false
C:\Dev\Projects\Uni\Software_design\Gruppo-01SAD\src\main\java\com\State\PausedState.java,com.State.PausedState,play/1[com.Model.Track],false,20,2,3,0,3,1,3,4,0,0,1,3,0,0,0,0,0,0,0,0,0,0,0,0,0,0,3,1,0,false
C:\Dev\Projects\Uni\Software_design\Gruppo-01SAD\src\main\java\com\State\PausedState.java,com.State.PausedState,pause/0,false,27,0,0,0,0,1,0,2,0,0,0,0,0,0,0,0,0,0,0,0,0,0,0,0,0,0,1,1,0,false
C:\Dev\Projects\Uni\Software_design\Gruppo-01SAD\src\main\java\com\DataLayer\DAO\Playlist\IPlaylistDAO.java,com.DataLayer.DAO.Playlist.IPlaylistDAO,getAll/0,false,11,1,0,0,0,1,0,1,0,0,0,0,0,0,0,0,0,0,0,0,0,0,0,0,0,0,3,0,0,false
C:\Dev\Projects\Uni\Software_design\Gruppo-01SAD\src\main\java\com\DataLayer\DAO\Playlist\IPlaylistDAO.java,com.DataLayer.DAO.Playlist.IPlaylistDAO,getFrequentlyPlayed/1[int],false,12,1,0,0,0,1,0,1,0,0,1,0,0,0,0,0,0,0,0,0,0,0,0,0,0,0,5,0,0,false
C:\Dev\Projects\Uni\Software_design\Gruppo-01SAD\src\main\java\com\DataLayer\DAO\Playlist\IPlaylistDAO.java,com.DataLayer.DAO.Playlist.IPlaylistDAO,update/1[com.Model.Playlist],false,9,1,0,0,0,1,0,1,0,0,1,0,0,0,0,0,0,0,0,0,0,0,0,0,0,0,4,0,0,false
C:\Dev\Projects\Uni\Software_design\Gruppo-01SAD\src\main\java\com\DataLayer\DAO\Playlist\IPlaylistDAO.java,com.DataLayer.DAO.Playlist.IPlaylistDAO,save/1[com.Model.Playlist],false,8,1,0,0,0,1,0,1,0,0,1,0,0,0,0,0,0,0,0,0,0,0,0,0,0,0,4,0,0,false
C:\Dev\Projects\Uni\Software_design\Gruppo-01SAD\src\main\java\com\DataLayer\DAO\Playlist\IPlaylistDAO.java,com.DataLayer.DAO.Playlist.IPlaylistDAO,delete/1[java.lang.String],false,10,0,0,0,0,1,0,1,0,0,1,0,0,0,0,0,0,0,0,0,0,0,0,0,0,0,4,0,0,false
C:\Dev\Projects\Uni\Software_design\Gruppo-01SAD\src\main\java\com\DataLayer\RealTrack.java,com.DataLayer.RealTrack,pausePlayback/0,false,82,0,1,1,0,3,2,5,0,0,0,2,0,0,0,1,0,0,0,0,0,0,1,0,0,0,26,1,0,true
C:\Dev\Projects\Uni\Software_design\Gruppo-01SAD\src\main\java\com\DataLayer\RealTrack.java,com.DataLayer.RealTrack,resumePlayback/0,false,93,0,1,1,0,2,1,5,0,0,0,1,0,0,0,1,0,0,0,0,0,0,1,0,0,0,16,1,0,true
C:\Dev\Projects\Uni\Software_design\Gruppo-01SAD\src\main\java\com\DataLayer\RealTrack.java,com.DataLayer.RealTrack,RealTrack/1[java.lang.String],true,22,0,1,1,0,1,0,3,0,0,1,0,0,0,0,0,0,0,0,0,1,0,0,0,0,0,11,1,0,true
C:\Dev\Projects\Uni\Software_design\Gruppo-01SAD\src\main\java\com\DataLayer\RealTrack.java,com.DataLayer.RealTrack,load/0,false,32,0,1,1,0,6,7,21,1,2,0,7,0,0,0,1,1,0,4,0,3,4,2,0,0,0,40,1,0,true
C:\Dev\Projects\Uni\Software_design\Gruppo-01SAD\src\main\java\com\DataLayer\RealTrack.java,com.DataLayer.RealTrack,stopPlayback/0,false,70,0,1,1,0,3,2,5,0,0,0,2,0,0,0,1,0,0,0,0,0,0,1,0,0,0,11,1,0,true
C:\Dev\Projects\Uni\Software_design\Gruppo-01SAD\src\main\java\com\DataLayer\RealTrack.java,com.DataLayer.RealTrack,isPlaying/0,false,104,0,1,1,0,2,1,3,1,0,0,1,0,0,0,1,0,0,0,0,0,0,0,0,0,0,14,1,0,true
C:\Dev\Projects\Uni\Software_design\Gruppo-01SAD\src\main\java\com\DataLayer\RealTrack.java,com.DataLayer.RealTrack,startPlayback/0,false,59,0,1,1,0,2,2,6,0,0,0,2,0,0,0,1,0,0,0,1,0,0,1,0,0,0,8,1,0,true
C:\Dev\Projects\Uni\Software_design\Gruppo-01SAD\src\main\java\com\Controller\track\SearchController.java,com.Controller.track.SearchController,"resetContext/2[com.Controller.track.ObservableList<com.Model.Track>,com.Controller.track.TableView<com.Model.Track>]",false,112,3,1,0,1,2,3,7,0,0,2,3,1,1,0,1,0,0,0,0,0,0,1,0,0,0,46,1,0,true
C:\Dev\Projects\Uni\Software_design\Gruppo-01SAD\src\main\java\com\Controller\track\SearchController.java,com.Controller.track.SearchController,handleSearch/1[java.lang.String],false,52,1,0,0,0,5,9,12,1,3,1,9,0,0,0,3,0,0,1,0,2,0,1,0,0,1,60,1,0,true
C:\Dev\Projects\Uni\Software_design\Gruppo-01SAD\src\main\java\com\Controller\track\SearchController.java,com.Controller.track.SearchController,"init/2[com.Controller.track.ObservableList<com.Model.Track>,com.Controller.track.TableView<com.Model.Track>]",false,34,2,2,2,0,3,0,7,0,0,2,0,0,0,0,2,0,0,1,0,2,0,1,0,0,0,41,1,0,true
C:\Dev\Projects\Uni\Software_design\Gruppo-01SAD\src\main\java\com\Controller\track\SearchController.java,com.Controller.track.SearchController,bindSearchField/1[com.Controller.track.TextField],false,96,1,1,1,0,2,3,7,0,3,1,3,0,0,0,1,0,0,1,0,1,0,1,0,0,1,43,1,0,true
C:\Dev\Projects\Uni\Software_design\Gruppo-01SAD\src\main\java\com\Controller\track\SearchController.java,com.Controller.track.SearchController,safeGet/1[java.lang.String],false,81,0,0,0,0,2,1,3,1,0,1,1,0,0,0,1,0,0,1,0,0,0,0,0,0,0,26,2,0,true
C:\Dev\Projects\Uni\Software_design\Gruppo-01SAD\src\main\java\com\Command\ModifyPlaylist.java,com.Command.ModifyPlaylist,undo/0,false,70,2,2,0,2,3,4,9,0,0,0,4,0,0,0,1,1,0,1,0,0,1,2,0,0,0,39,1,0,true
C:\Dev\Projects\Uni\Software_design\Gruppo-01SAD\src\main\java\com\Command\ModifyPlaylist.java,com.Command.ModifyPlaylist,"ModifyPlaylist/4[com.Model.PlaylistCatalog,com.Model.Playlist,java.lang.String,com.DataLayer.DAO.Playlist.PlaylistDAO]",true,35,3,2,1,1,1,1,7,0,0,4,1,0,0,0,0,0,0,0,0,5,0,0,0,0,0,45,1,0,true
C:\Dev\Projects\Uni\Software_design\Gruppo-01SAD\src\main\java\com\Command\ModifyPlaylist.java,com.Command.ModifyPlaylist,execute/0,false,53,2,2,0,2,3,4,9,0,0,0,4,0,0,0,1,1,0,1,0,0,1,2,0,0,0,38,1,0,true
C:\Dev\Projects\Uni\Software_design\Gruppo-01SAD\src\main\java\com\Controller\playback\PlayerController.java,com.Controller.playback.PlayerController,handlePlaybackFinished/0,false,340,5,11,0,11,5,12,24,2,2,0,12,4,5,0,2,0,0,1,0,3,0,2,0,0,0,46,2,0,true
C:\Dev\Projects\Uni\Software_design\Gruppo-01SAD\src\main\java\com\Controller\playback\PlayerController.java,com.Controller.playback.PlayerController,startTrackPlayback/1[com.Model.Track],false,275,7,18,5,13,4,16,22,0,4,1,16,1,2,0,3,0,0,1,1,4,0,1,0,0,1,29,2,0,true
C:\Dev\Projects\Uni\Software_design\Gruppo-01SAD\src\main\java\com\Controller\playback\PlayerController.java,com.Controller.playback.PlayerController,getActiveContainer/0,false,562,1,0,0,0,1,0,3,1,0,0,0,0,0,0,0,0,0,0,0,0,0,0,0,0,0,8,1,0,true
C:\Dev\Projects\Uni\Software_design\Gruppo-01SAD\src\main\java\com\Controller\playback\PlayerController.java,com.Controller.playback.PlayerController,selectTrackInUI/1[com.Model.Track],false,479,7,7,2,5,3,5,10,0,2,1,5,0,0,0,1,0,0,0,0,2,0,2,0,0,0,34,2,0,true
C:\Dev\Projects\Uni\Software_design\Gruppo-01SAD\src\main\java\com\Controller\playback\PlayerController.java,com.Controller.playback.PlayerController,resetUI/0,false,439,0,6,6,0,1,2,5,0,0,0,2,0,0,0,0,0,0,2,1,0,0,0,0,0,0,13,1,0,true
C:\Dev\Projects\Uni\Software_design\Gruppo-01SAD\src\main\java\com\Controller\playback\PlayerController.java,com.Controller.playback.PlayerController,handleTrackModified/1[com.Model.Track],false,540,7,12,1,11,4,12,15,1,2,1,12,1,1,0,3,0,0,1,0,3,0,1,0,0,0,33,1,0,true
C:\Dev\Projects\Uni\Software_design\Gruppo-01SAD\src\main\java\com\Controller\playback\PlayerController.java,com.Controller.playback.PlayerController,isTrackFinished/0,false,99,0,0,0,0,1,0,3,1,0,0,0,0,0,0,0,0,0,0,0,0,0,0,0,0,0,12,1,0,true
C:\Dev\Projects\Uni\Software_design\Gruppo-01SAD\src\main\java\com\Controller\playback\PlayerController.java,com.Controller.playback.PlayerController,handlePrev/1[com.Controller.playback.ActionEvent],false,398,7,9,1,8,3,8,11,0,3,1,8,2,3,0,2,0,0,0,0,3,0,1,0,0,0,28,1,0,true
C:\Dev\Projects\Uni\Software_design\Gruppo-01SAD\src\main\java\com\Controller\playback\PlayerController.java,com.Controller.playback.PlayerController,playSong/0,false,200,11,21,1,20,20,21,54,9,8,0,21,3,4,0,10,0,0,12,4,13,0,3,0,0,0,51,1,0,true
C:\Dev\Projects\Uni\Software_design\Gruppo-01SAD\src\main\java\com\Controller\playback\PlayerController.java,com.Controller.playback.PlayerController,loopPlaylistRip/1[com.Model.Playlist],false,497,10,16,1,15,8,16,26,2,5,1,16,1,4,0,5,0,0,2,2,14,0,1,0,0,0,58,1,0,true
C:\Dev\Projects\Uni\Software_design\Gruppo-01SAD\src\main\java\com\Controller\playback\PlayerController.java,com.Controller.playback.PlayerController,"setupEngineAndPlay/2[com.Controller.playback.ObservableList<com.Model.Track>,com.Model.Track]",false,179,10,12,3,9,3,11,17,0,2,2,11,1,3,0,0,1,0,1,0,3,1,2,0,0,0,47,2,0,true
C:\Dev\Projects\Uni\Software_design\Gruppo-01SAD\src\main\java\com\Controller\playback\PlayerController.java,com.Controller.playback.PlayerController,handleTrackRemoval/1[int],false,416,6,10,2,8,5,13,18,0,4,1,13,2,3,0,2,0,1,1,2,5,1,2,0,0,0,32,1,0,true
C:\Dev\Projects\Uni\Software_design\Gruppo-01SAD\src\main\java\com\Controller\playback\PlayerController.java,com.Controller.playback.PlayerController,setPlaybackMode/1[java.lang.String],false,107,8,8,0,8,5,5,32,0,2,1,5,0,0,0,0,0,0,4,0,14,0,1,0,0,0,28,1,0,true
C:\Dev\Projects\Uni\Software_design\Gruppo-01SAD\src\main\java\com\Controller\playback\PlayerController.java,com.Controller.playback.PlayerController,"init/5[com.Controller.core.MainController,com.Controller.playback.Label,com.Controller.playback.Label,com.Controller.playback.Label,com.Controller.playback.Slider]",false,55,3,1,1,0,1,0,7,0,0,5,0,0,0,0,0,0,0,0,0,5,0,0,0,0,0,36,1,0,true
C:\Dev\Projects\Uni\Software_design\Gruppo-01SAD\src\main\java\com\Controller\playback\PlayerController.java,com.Controller.playback.PlayerController,isNextAvailable/0,false,566,9,7,1,6,9,9,13,5,4,0,9,1,1,0,2,0,0,0,2,4,1,1,0,0,0,24,1,0,false
C:\Dev\Projects\Uni\Software_design\Gruppo-01SAD\src\main\java\com\Controller\playback\PlayerController.java,com.Controller.playback.PlayerController,setTrackFinished/1[boolean],false,91,0,0,0,0,1,0,3,0,0,1,0,0,0,0,0,0,0,0,0,1,0,0,0,0,0,19,1,0,true
C:\Dev\Projects\Uni\Software_design\Gruppo-01SAD\src\main\java\com\Controller\playback\PlayerController.java,com.Controller.playback.PlayerController,getSelectedQueueFromUI/0,false,153,10,13,2,11,6,11,15,4,3,0,11,0,0,0,5,0,0,0,0,3,0,1,0,0,0,46,2,0,true
C:\Dev\Projects\Uni\Software_design\Gruppo-01SAD\src\main\java\com\Controller\playback\PlayerController.java,com.Controller.playback.PlayerController,"togglePlayPause/2[com.State.PlayerContext,com.Controller.playback.TableView<com.Model.Track>]",false,66,9,12,1,11,4,15,20,0,4,2,15,2,5,0,1,0,0,0,1,5,0,2,0,0,0,28,1,0,true
C:\Dev\Projects\Uni\Software_design\Gruppo-01SAD\src\main\java\com\Controller\playback\PlayerController.java,com.Controller.playback.PlayerController,handleNext/1[com.Controller.playback.ActionEvent],false,369,11,19,2,17,7,18,24,0,4,1,18,3,3,0,4,0,1,1,0,5,0,2,0,0,0,39,1,0,true
C:\Dev\Projects\Uni\Software_design\Gruppo-01SAD\src\main\java\com\Controller\playback\PlayerController.java,com.Controller.playback.PlayerController,pauseSong/0,false,308,7,18,0,18,6,19,23,1,2,0,19,1,2,0,3,0,0,2,0,2,1,2,0,0,0,39,1,0,true
C:\Dev\Projects\Uni\Software_design\Gruppo-01SAD\src\main\java\com\Controller\playback\PlayerController.java,com.Controller.playback.PlayerController,stopSong/0,false,530,4,5,1,4,1,4,4,0,0,0,4,1,1,0,0,0,0,0,0,0,0,0,0,0,0,10,1,0,true
C:\Dev\Projects\Uni\Software_design\Gruppo-01SAD\src\main\java\com\Controller\playback\PlayerController.java,com.Controller.playback.PlayerController,getPlaylistViewSelectedTrack/0,false,468,4,4,1,3,2,3,4,1,1,0,3,0,0,0,1,0,0,0,0,1,0,0,0,0,0,26,2,0,true
C:\Dev\Projects\Uni\Software_design\Gruppo-01SAD\src\main\java\com\Controller\playback\PlayerController.java,com.Controller.playback.PlayerController,updateNowPlaying/0,false,448,7,13,2,11,4,12,13,0,2,0,12,1,1,0,2,0,0,5,0,2,1,1,0,0,0,24,2,0,true
C:\Dev\Projects\Uni\Software_design\Gruppo-01SAD\src\main\java\com\DataLayer\DAO\Playlist\PlaylistDAO.java,com.DataLayer.DAO.Playlist.PlaylistDAO,delete/1[java.lang.String],false,69,1,3,2,1,1,4,8,0,3,1,4,0,0,0,0,1,0,1,1,3,0,1,0,0,0,19,1,0,false
C:\Dev\Projects\Uni\Software_design\Gruppo-01SAD\src\main\java\com\DataLayer\DAO\Playlist\PlaylistDAO.java,com.DataLayer.DAO.Playlist.PlaylistDAO,getFrequentlyPlayed/1[int],false,94,3,2,0,2,2,7,14,1,5,1,7,1,2,1,0,2,0,1,1,5,0,3,0,0,0,36,1,0,false
C:\Dev\Projects\Uni\Software_design\Gruppo-01SAD\src\main\java\com\DataLayer\DAO\Playlist\PlaylistDAO.java,com.DataLayer.DAO.Playlist.PlaylistDAO,"addTrackToPlaylist/2[java.lang.String,java.lang.String]",false,111,1,2,1,1,1,4,9,0,3,2,4,0,0,0,0,1,0,1,2,3,0,1,0,0,0,26,1,0,false
C:\Dev\Projects\Uni\Software_design\Gruppo-01SAD\src\main\java\com\DataLayer\DAO\Playlist\PlaylistDAO.java,com.DataLayer.DAO.Playlist.PlaylistDAO,PlaylistDAO/1[com.DataLayer.DAO.Track.TrackDAO],true,20,1,1,1,0,1,0,3,0,0,1,0,0,0,0,0,0,0,0,0,1,0,0,0,0,0,6,1,0,false
C:\Dev\Projects\Uni\Software_design\Gruppo-01SAD\src\main\java\com\DataLayer\DAO\Playlist\PlaylistDAO.java,com.DataLayer.DAO.Playlist.PlaylistDAO,getAll/0,false,79,3,3,1,2,2,6,11,1,5,0,6,1,2,1,0,1,0,1,0,5,0,2,0,0,0,20,1,0,false
C:\Dev\Projects\Uni\Software_design\Gruppo-01SAD\src\main\java\com\DataLayer\DAO\Playlist\PlaylistDAO.java,com.DataLayer.DAO.Playlist.PlaylistDAO,"removeTrackFromPlaylist/2[java.lang.String,java.lang.String]",false,123,1,1,0,1,1,4,9,0,3,2,4,0,0,0,0,1,0,1,2,3,0,1,0,0,0,26,1,0,false
C:\Dev\Projects\Uni\Software_design\Gruppo-01SAD\src\main\java\com\DataLayer\DAO\Playlist\PlaylistDAO.java,com.DataLayer.DAO.Playlist.PlaylistDAO,"setPlaylistParameters/2[java.sql.PreparedStatement,com.Model.Playlist]",false,139,1,5,2,3,1,5,5,0,0,2,5,0,0,0,0,0,0,0,3,0,0,0,0,0,0,7,2,0,false
C:\Dev\Projects\Uni\Software_design\Gruppo-01SAD\src\main\java\com\DataLayer\DAO\Playlist\PlaylistDAO.java,com.DataLayer.DAO.Playlist.PlaylistDAO,mapRowToPlaylist/1[java.sql.ResultSet],false,145,2,5,2,3,1,7,9,1,2,1,7,1,1,0,0,0,0,4,0,2,0,0,0,0,0,14,2,0,false
C:\Dev\Projects\Uni\Software_design\Gruppo-01SAD\src\main\java\com\DataLayer\DAO\Playlist\PlaylistDAO.java,com.DataLayer.DAO.Playlist.PlaylistDAO,update/1[com.Model.Playlist],false,53,3,6,3,3,2,6,12,1,3,1,6,1,1,0,1,1,0,1,1,3,0,1,0,0,0,24,1,0,false
C:\Dev\Projects\Uni\Software_design\Gruppo-01SAD\src\main\java\com\DataLayer\DAO\Playlist\PlaylistDAO.java,com.DataLayer.DAO.Playlist.PlaylistDAO,save/1[com.Model.Playlist],false,25,4,8,3,5,3,10,20,1,5,1,10,1,1,1,1,2,0,2,2,5,0,2,0,0,0,32,1,0,false
C:\Dev\Projects\Uni\Software_design\Gruppo-01SAD\src\main\java\com\DataLayer\DAO\Playlist\PlaylistDAO.java,com.DataLayer.DAO.Playlist.PlaylistDAO,loadTracks/1[com.Model.Playlist],false,134,3,4,1,3,1,4,4,0,1,1,4,0,0,0,0,0,0,0,0,1,0,0,0,0,0,6,2,0,false
C:\Dev\Projects\Uni\Software_design\Gruppo-01SAD\src\main\java\com\Strategy\IPlaybackStrategy.java,com.Strategy.IPlaybackStrategy,"setQueue/2[java.util.List<com.Model.Track>,com.Model.Track]",false,16,1,2,2,0,1,0,1,0,0,2,0,0,0,0,0,0,0,0,0,0,0,0,0,0,0,28,0,0,true
C:\Dev\Projects\Uni\Software_design\Gruppo-01SAD\src\main\java\com\Strategy\IPlaybackStrategy.java,com.Strategy.IPlaybackStrategy,updateQueue/1[java.util.List<com.Model.Track>],false,23,1,1,1,0,1,0,1,0,0,1,0,0,0,0,0,0,0,0,0,0,0,0,0,0,0,30,0,0,true
C:\Dev\Projects\Uni\Software_design\Gruppo-01SAD\src\main\java\com\Strategy\IPlaybackStrategy.java,com.Strategy.IPlaybackStrategy,nextTrack/1[com.Model.Track],false,31,1,3,3,0,1,0,1,0,0,1,0,0,0,0,0,0,0,0,0,0,0,0,0,0,0,21,0,0,true
C:\Dev\Projects\Uni\Software_design\Gruppo-01SAD\src\main\java\com\Strategy\IPlaybackStrategy.java,com.Strategy.IPlaybackStrategy,previousTrack/1[com.Model.Track],false,40,1,3,3,0,1,0,1,0,0,1,0,0,0,0,0,0,0,0,0,0,0,0,0,0,0,21,0,0,true
C:\Dev\Projects\Uni\Software_design\Gruppo-01SAD\src\main\java\com\State\PlayerContext.java,com.State.PlayerContext,getPlaybackContext/0,false,104,1,9,9,0,1,0,3,1,0,0,0,0,0,0,0,0,0,0,0,0,0,0,0,0,0,15,1,0,true
C:\Dev\Projects\Uni\Software_design\Gruppo-01SAD\src\main\java\com\State\PlayerContext.java,com.State.PlayerContext,play/1[com.Model.Track],false,139,3,4,2,2,1,2,5,0,0,1,2,1,1,0,0,0,0,0,0,1,0,0,0,0,0,15,1,0,true
C:\Dev\Projects\Uni\Software_design\Gruppo-01SAD\src\main\java\com\State\PlayerContext.java,com.State.PlayerContext,isPlaying/0,false,130,0,7,7,0,2,0,3,1,0,0,0,0,0,0,1,0,0,0,0,0,0,0,0,0,0,18,1,0,true
C:\Dev\Projects\Uni\Software_design\Gruppo-01SAD\src\main\java\com\State\PlayerContext.java,com.State.PlayerContext,next/0,false,163,2,3,1,2,2,2,6,0,0,0,2,1,1,0,1,0,0,0,0,0,0,1,0,0,0,17,1,0,true
C:\Dev\Projects\Uni\Software_design\Gruppo-01SAD\src\main\java\com\State\PlayerContext.java,com.State.PlayerContext,getPlayingState/0,false,79,1,5,5,0,1,0,3,1,0,0,0,0,0,0,0,0,0,0,0,0,0,0,0,0,0,11,1,0,true
C:\Dev\Projects\Uni\Software_design\Gruppo-01SAD\src\main\java\com\State\PlayerContext.java,com.State.PlayerContext,unsubscribe/1[com.Observer.IPlayerSubscriber],false,193,1,3,3,0,1,1,3,0,0,1,1,0,0,0,0,0,0,0,0,0,0,0,0,0,0,17,1,0,true
C:\Dev\Projects\Uni\Software_design\Gruppo-01SAD\src\main\java\com\State\PlayerContext.java,com.State.PlayerContext,subscribe/1[com.Observer.IPlayerSubscriber],false,185,1,4,4,0,1,1,3,0,0,1,1,0,0,0,0,0,0,0,0,0,0,0,0,0,0,17,1,0,true
C:\Dev\Projects\Uni\Software_design\Gruppo-01SAD\src\main\java\com\State\PlayerContext.java,com.State.PlayerContext,setCurrentTrack/1[com.Model.Track],false,112,1,9,9,0,1,0,3,0,0,1,0,0,0,0,0,0,0,0,0,1,0,0,0,0,0,14,1,0,true
C:\Dev\Projects\Uni\Software_design\Gruppo-01SAD\src\main\java\com\State\PlayerContext.java,com.State.PlayerContext,isPaused/0,false,95,0,1,1,0,2,0,3,1,0,0,0,0,0,0,1,0,0,0,0,0,0,0,0,0,0,19,1,0,true
C:\Dev\Projects\Uni\Software_design\Gruppo-01SAD\src\main\java\com\State\PlayerContext.java,com.State.PlayerContext,pause/0,false,148,1,3,2,1,1,1,3,0,0,0,1,0,0,0,0,0,0,0,0,0,0,0,0,0,0,9,1,0,true
C:\Dev\Projects\Uni\Software_design\Gruppo-01SAD\src\main\java\com\State\PlayerContext.java,com.State.PlayerContext,PlayerContext/1[com.Strategy.PlaybackContext],true,60,3,3,1,2,1,0,6,0,0,1,0,0,0,0,0,0,0,0,0,4,0,0,0,0,0,21,1,0,true
C:\Dev\Projects\Uni\Software_design\Gruppo-01SAD\src\main\java\com\State\PlayerContext.java,com.State.PlayerContext,stop/0,false,155,2,9,7,2,1,2,4,0,0,0,2,1,1,0,0,0,0,0,0,0,0,0,0,0,0,9,1,0,true
C:\Dev\Projects\Uni\Software_design\Gruppo-01SAD\src\main\java\com\State\PlayerContext.java,com.State.PlayerContext,setState/1[com.State.IPlayerState],false,71,1,6,6,0,1,0,3,0,0,1,0,0,0,0,0,0,0,0,0,1,0,0,0,0,0,13,1,0,true
C:\Dev\Projects\Uni\Software_design\Gruppo-01SAD\src\main\java\com\State\PlayerContext.java,com.State.PlayerContext,getPausedState/0,false,87,1,1,1,0,1,0,3,1,0,0,0,0,0,0,0,0,0,0,0,0,0,0,0,0,0,12,1,0,true
C:\Dev\Projects\Uni\Software_design\Gruppo-01SAD\src\main\java\com\State\PlayerContext.java,com.State.PlayerContext,notifySubscribers/0,false,200,1,5,4,1,2,1,5,0,0,0,1,0,0,1,0,0,0,0,0,0,0,1,0,0,0,16,2,0,true
C:\Dev\Projects\Uni\Software_design\Gruppo-01SAD\src\main\java\com\State\PlayerContext.java,com.State.PlayerContext,getCurrentTrack/0,false,121,1,17,17,0,1,0,3,1,0,0,0,0,0,0,0,0,0,0,0,0,0,0,0,0,0,15,1,0,true
C:\Dev\Projects\Uni\Software_design\Gruppo-01SAD\src\main\java\com\State\PlayerContext.java,com.State.PlayerContext,previous/0,false,173,2,3,1,2,2,2,6,0,0,0,2,1,1,0,1,0,0,0,0,0,0,1,0,0,0,17,1,0,true
C:\Dev\Projects\Uni\Software_design\Gruppo-01SAD\src\main\java\com\Model\ITrackContainer.java,com.Model.ITrackContainer,addTrack/1[com.Model.Track],false,5,1,2,2,0,1,0,1,0,0,1,0,0,0,0,0,0,0,0,0,0,0,0,0,0,0,3,0,0,false
C:\Dev\Projects\Uni\Software_design\Gruppo-01SAD\src\main\java\com\Model\ITrackContainer.java,com.Model.ITrackContainer,getTracks/0,false,12,2,3,3,0,1,0,1,0,0,0,0,0,0,0,0,0,0,0,0,0,0,0,0,0,0,2,0,0,false
C:\Dev\Projects\Uni\Software_design\Gruppo-01SAD\src\main\java\com\Model\ITrackContainer.java,com.Model.ITrackContainer,"addTrack/2[int,com.Model.Track]",false,7,1,1,1,0,1,0,1,0,0,2,0,0,0,0,0,0,0,0,0,0,0,0,0,0,0,3,0,0,false
C:\Dev\Projects\Uni\Software_design\Gruppo-01SAD\src\main\java\com\Model\ITrackContainer.java,com.Model.ITrackContainer,removeTrack/1[com.Model.Track],false,9,1,2,2,0,1,0,1,0,0,1,0,0,0,0,0,0,0,0,0,0,0,0,0,0,0,3,0,0,false
C:\Dev\Projects\Uni\Software_design\Gruppo-01SAD\src\main\java\com\Model\ITrackContainer.java,com.Model.ITrackContainer,indexOf/1[com.Model.Track],false,11,1,1,1,0,1,0,1,0,0,1,0,0,0,0,0,0,0,0,0,0,0,0,0,0,0,4,0,0,false
C:\Dev\Projects\Uni\Software_design\Gruppo-01SAD\src\main\java\com\Command\AddPlaylist.java,com.Command.AddPlaylist,execute/0,false,41,2,2,0,2,3,4,9,0,0,0,4,0,0,0,1,1,0,1,0,0,1,2,0,0,0,29,1,0,true
C:\Dev\Projects\Uni\Software_design\Gruppo-01SAD\src\main\java\com\Command\AddPlaylist.java,com.Command.AddPlaylist,undo/0,false,59,3,3,0,3,3,5,9,0,0,0,5,0,0,0,1,1,0,1,0,0,1,2,0,0,0,34,1,0,true
C:\Dev\Projects\Uni\Software_design\Gruppo-01SAD\src\main\java\com\Command\AddPlaylist.java,com.Command.AddPlaylist,"AddPlaylist/3[com.Model.PlaylistCatalog,com.Model.Playlist,com.DataLayer.DAO.Playlist.PlaylistDAO]",true,27,3,2,2,0,1,0,5,0,0,3,0,0,0,0,0,0,0,0,0,3,0,0,0,0,0,26,1,0,true
C:\Dev\Projects\Uni\Software_design\Gruppo-01SAD\src\main\java\com\Strategy\LoopTrackStrategy.java,com.Strategy.LoopTrackStrategy,"setQueue/2[java.util.List<com.Model.Track>,com.Model.Track]",false,17,1,0,0,0,1,0,2,0,0,2,0,0,0,0,0,0,0,0,0,0,0,0,0,0,0,4,1,0,false
C:\Dev\Projects\Uni\Software_design\Gruppo-01SAD\src\main\java\com\Strategy\LoopTrackStrategy.java,com.Strategy.LoopTrackStrategy,updateQueue/1[java.util.List<com.Model.Track>],false,22,1,0,0,0,1,0,2,0,0,1,0,0,0,0,0,0,0,0,0,0,0,0,0,0,0,3,1,0,false
C:\Dev\Projects\Uni\Software_design\Gruppo-01SAD\src\main\java\com\Strategy\LoopTrackStrategy.java,com.Strategy.LoopTrackStrategy,previousTrack/1[com.Model.Track],false,44,1,0,0,0,1,0,3,1,0,1,0,0,0,0,0,0,0,0,0,0,0,0,0,0,0,19,1,0,true
C:\Dev\Projects\Uni\Software_design\Gruppo-01SAD\src\main\java\com\Strategy\LoopTrackStrategy.java,com.Strategy.LoopTrackStrategy,nextTrack/1[com.Model.Track],false,32,1,0,0,0,1,0,3,1,0,1,0,0,0,0,0,0,0,0,0,0,0,0,0,0,0,19,1,0,true
C:\Dev\Projects\Uni\Software_design\Gruppo-01SAD\src\main\java\com\Controller\playlist\PlaylistTableController.java,com.Controller.playlist.PlaylistTableController,"init/3[com.Controller.core.MainController,com.Controller.playlist.TableView<com.Model.Playlist>,com.Controller.playlist.TableColumn<com.Model.Playlist,java.lang.String>]",false,46,10,6,1,5,7,27,38,1,12,3,27,0,0,0,6,0,0,2,1,6,0,3,0,0,5,65,1,0,true
C:\Dev\Projects\Uni\Software_design\Gruppo-01SAD\src\main\java\com\Controller\playlist\PlaylistTableController.java,com.Controller.playlist.PlaylistTableController,clearSelection/0,false,105,0,1,1,0,2,2,5,0,0,0,2,0,0,0,1,0,0,0,0,0,0,1,0,0,0,11,1,0,true
C:\Dev\Projects\Uni\Software_design\Gruppo-01SAD\src\main\java\com\Controller\playlist\PlaylistTableController.java,com.Controller.playlist.PlaylistTableController,getSelectedPlaylist/0,false,115,1,3,3,0,1,2,3,1,0,0,2,0,0,0,0,0,0,0,0,0,0,0,0,0,0,16,1,0,true
C:\Dev\Projects\Uni\Software_design\Gruppo-01SAD\src\main\java\com\Controller\playlist\PlaylistTableController.java,com.Controller.playlist.PlaylistTableController,onPlaybackChanged/1[com.Model.Track],false,155,1,0,0,0,1,2,6,0,0,1,2,0,0,0,0,0,0,0,0,0,0,1,0,0,1,23,1,0,true
C:\Dev\Projects\Uni\Software_design\Gruppo-01SAD\src\main\java\com\Controller\playlist\PlaylistTableController.java,com.Controller.playlist.PlaylistTableController,dispose/0,false,164,3,3,0,3,1,3,3,0,0,0,3,0,0,0,0,0,0,0,0,0,0,0,0,0,0,12,1,0,true
C:\Dev\Projects\Uni\Software_design\Gruppo-01SAD\src\main\java\com\Controller\playlist\PlaylistTableController.java,com.Controller.playlist.PlaylistTableController,openModPlaylistView/1[com.Controller.playlist.ActionEvent],false,90,5,5,1,4,2,6,9,0,1,1,6,0,0,0,1,0,0,4,0,1,0,1,0,0,0,25,1,0,true
C:\Dev\Projects\Uni\Software_design\Gruppo-01SAD\src\main\java\com\Controller\playlist\PlaylistTableController.java,com.Controller.playlist.PlaylistTableController,handleDeletePlaylist/1[com.Controller.playlist.ActionEvent],false,127,9,13,1,12,4,15,15,0,3,1,15,0,0,0,2,0,0,6,0,3,1,2,0,0,0,47,1,0,true
C:\Dev\Projects\Uni\Software_design\Gruppo-01SAD\src\main\java\com\Command\UndoManager.java,com.Command.UndoManager,executeCommand/1[com.Command.ICommand],false,23,1,12,11,1,1,3,5,0,0,1,3,0,0,0,0,0,0,0,0,0,0,0,0,0,0,19,1,0,true
C:\Dev\Projects\Uni\Software_design\Gruppo-01SAD\src\main\java\com\Command\UndoManager.java,com.Command.UndoManager,undoDisabledProperty/0,false,45,1,1,1,0,1,0,3,1,0,0,0,0,0,0,0,0,0,0,0,0,0,0,0,0,0,18,1,0,true
C:\Dev\Projects\Uni\Software_design\Gruppo-01SAD\src\main\java\com\Command\UndoManager.java,com.Command.UndoManager,clear/0,false,52,0,0,0,0,1,2,4,0,0,0,2,0,0,0,0,0,0,0,0,0,0,0,0,0,0,13,1,0,true
C:\Dev\Projects\Uni\Software_design\Gruppo-01SAD\src\main\java\com\Command\UndoManager.java,com.Command.UndoManager,undo/0,false,33,1,2,1,1,2,4,7,0,1,0,4,0,0,0,0,0,0,0,0,1,0,1,0,0,0,14,1,0,true
C:\Dev\Projects\Uni\Software_design\Gruppo-01SAD\src\main\java\com\Controller\core\AppState.java,com.Controller.core.AppState,getUndoManager/0,false,140,1,13,13,0,1,0,3,1,0,0,0,0,0,0,0,0,0,0,0,0,0,0,0,0,0,12,1,0,true
C:\Dev\Projects\Uni\Software_design\Gruppo-01SAD\src\main\java\com\Controller\core\AppState.java,com.Controller.core.AppState,getSearchController/0,false,206,1,1,1,0,1,0,3,1,0,0,0,0,0,0,0,0,0,0,0,0,0,0,0,0,0,14,1,0,true
C:\Dev\Projects\Uni\Software_design\Gruppo-01SAD\src\main\java\com\Controller\core\AppState.java,com.Controller.core.AppState,getPlaylistDAO/0,false,198,1,6,6,0,1,0,3,1,0,0,0,0,0,0,0,0,0,0,0,0,0,0,0,0,0,14,1,0,true
C:\Dev\Projects\Uni\Software_design\Gruppo-01SAD\src\main\java\com\Controller\core\AppState.java,com.Controller.core.AppState,getWindowManager/0,false,96,1,17,17,0,1,0,3,1,0,0,0,0,0,0,0,0,0,0,0,0,0,0,0,0,0,10,1,0,true
C:\Dev\Projects\Uni\Software_design\Gruppo-01SAD\src\main\java\com\Controller\core\AppState.java,com.Controller.core.AppState,getPlayerController/0,false,104,1,9,9,0,1,0,3,1,0,0,0,0,0,0,0,0,0,0,0,0,0,0,0,0,0,11,1,0,true
C:\Dev\Projects\Uni\Software_design\Gruppo-01SAD\src\main\java\com\Controller\core\AppState.java,com.Controller.core.AppState,getPlaylistCatalog/0,false,165,1,6,6,0,1,0,3,1,0,0,0,0,0,0,0,0,0,0,0,0,0,0,0,0,0,11,1,0,true
C:\Dev\Projects\Uni\Software_design\Gruppo-01SAD\src\main\java\com\Controller\core\AppState.java,com.Controller.core.AppState,getDeletedPlayingStack/0,false,182,0,2,2,0,1,0,3,1,0,0,0,0,0,0,0,0,0,0,0,0,0,0,0,0,0,20,1,0,true
C:\Dev\Projects\Uni\Software_design\Gruppo-01SAD\src\main\java\com\Controller\core\AppState.java,com.Controller.core.AppState,getTrackTableController/0,false,113,1,10,10,0,1,0,3,1,0,0,0,0,0,0,0,0,0,0,0,0,0,0,0,0,0,12,1,0,true
C:\Dev\Projects\Uni\Software_design\Gruppo-01SAD\src\main\java\com\Controller\core\AppState.java,com.Controller.core.AppState,loadData/0,false,78,4,5,1,4,1,5,4,0,0,0,5,0,0,0,0,0,0,0,0,0,0,0,0,0,0,35,1,0,true
C:\Dev\Projects\Uni\Software_design\Gruppo-01SAD\src\main\java\com\Controller\core\AppState.java,com.Controller.core.AppState,getTrackDAO/0,false,190,1,5,5,0,1,0,3,1,0,0,0,0,0,0,0,0,0,0,0,0,0,0,0,0,0,14,1,0,true
C:\Dev\Projects\Uni\Software_design\Gruppo-01SAD\src\main\java\com\Controller\core\AppState.java,com.Controller.core.AppState,AppState/1[com.Model.TrackFactory],true,55,15,15,1,14,1,0,15,0,0,1,0,0,0,0,0,0,0,0,0,13,0,0,0,0,0,46,1,0,true
C:\Dev\Projects\Uni\Software_design\Gruppo-01SAD\src\main\java\com\Controller\core\AppState.java,com.Controller.core.AppState,getTimerManager/0,false,148,1,10,10,0,1,0,3,1,0,0,0,0,0,0,0,0,0,0,0,0,0,0,0,0,0,11,1,0,true
C:\Dev\Projects\Uni\Software_design\Gruppo-01SAD\src\main\java\com\Controller\core\AppState.java,com.Controller.core.AppState,setPlaylistController/1[com.Controller.playlist.PlaylistController],false,216,1,2,2,0,1,0,3,0,0,1,0,0,0,0,0,0,0,0,0,1,0,0,0,0,0,19,1,0,true
C:\Dev\Projects\Uni\Software_design\Gruppo-01SAD\src\main\java\com\Controller\core\AppState.java,com.Controller.core.AppState,setWindowManager/1[com.Controller.navigation.WindowManager],false,88,1,0,0,0,1,0,3,0,0,1,0,0,0,0,0,0,0,0,0,1,0,0,0,0,0,14,1,0,true
C:\Dev\Projects\Uni\Software_design\Gruppo-01SAD\src\main\java\com\Controller\core\AppState.java,com.Controller.core.AppState,getPlaylistController/0,false,132,1,7,7,0,1,0,3,1,0,0,0,0,0,0,0,0,0,0,0,0,0,0,0,0,0,15,1,0,true
C:\Dev\Projects\Uni\Software_design\Gruppo-01SAD\src\main\java\com\Controller\core\AppState.java,com.Controller.core.AppState,getPlayerContext/0,false,173,1,25,25,0,1,0,3,1,0,0,0,0,0,0,0,0,0,0,0,0,0,0,0,0,0,11,1,0,true
C:\Dev\Projects\Uni\Software_design\Gruppo-01SAD\src\main\java\com\Controller\core\AppState.java,com.Controller.core.AppState,getLibrary/0,false,156,1,15,15,0,1,0,3,1,0,0,0,0,0,0,0,0,0,0,0,0,0,0,0,0,0,11,1,0,true
C:\Dev\Projects\Uni\Software_design\Gruppo-01SAD\src\main\java\com\Controller\core\AppState.java,com.Controller.core.AppState,getPlaylistTableController/0,false,122,1,7,7,0,1,0,3,1,0,0,0,0,0,0,0,0,0,0,0,0,0,0,0,0,0,12,1,0,true
C:\Dev\Projects\Uni\Software_design\Gruppo-01SAD\src\main\java\com\Model\TrackTag.java,com.Model.TrackTag,TrackTag/1[java.lang.String],true,18,0,0,0,0,1,0,3,0,0,1,0,0,0,0,0,0,0,0,0,1,0,0,0,0,0,6,0,0,true
C:\Dev\Projects\Uni\Software_design\Gruppo-01SAD\src\main\java\com\Model\TrackTag.java,com.Model.TrackTag,getTagName/0,false,26,0,0,0,0,1,0,3,1,0,0,0,0,0,0,0,0,0,0,0,0,0,0,0,0,0,16,1,0,true
C:\Dev\Projects\Uni\Software_design\Gruppo-01SAD\src\main\java\com\Model\TrackTag.java,com.Model.TrackTag,toString/0,false,35,0,3,3,0,1,0,3,1,0,0,0,0,0,0,0,0,0,0,0,0,0,0,0,0,0,13,1,0,true
C:\Dev\Projects\Uni\Software_design\Gruppo-01SAD\src\main\java\com\Controller\playlist\AddTrackToPlaylistController.java,com.Controller.playlist.AddTrackToPlaylistController,"initData/2[com.Controller.core.MainController,com.Model.Playlist]",false,40,4,4,1,3,1,4,5,0,0,2,4,0,0,0,0,0,0,0,0,2,0,0,0,0,0,7,1,0,false
C:\Dev\Projects\Uni\Software_design\Gruppo-01SAD\src\main\java\com\Controller\playlist\AddTrackToPlaylistController.java,com.Controller.playlist.AddTrackToPlaylistController,handleCancel/1[com.Controller.playlist.ActionEvent],false,47,3,1,0,1,1,1,3,0,0,1,1,1,1,0,0,0,0,0,0,0,0,0,0,0,0,7,1,0,false
C:\Dev\Projects\Uni\Software_design\Gruppo-01SAD\src\main\java\com\Controller\playlist\AddTrackToPlaylistController.java,com.Controller.playlist.AddTrackToPlaylistController,initialize/0,false,24,2,0,0,0,1,3,15,0,1,0,3,0,0,0,0,0,0,0,0,0,0,0,1,0,1,10,1,0,false
C:\Dev\Projects\Uni\Software_design\Gruppo-01SAD\src\main\java\com\Controller\playlist\AddTrackToPlaylistController.java,com.Controller.playlist.AddTrackToPlaylistController,handleAdd/1[com.Controller.playlist.ActionEvent],false,52,11,10,0,10,5,13,21,1,3,1,13,1,1,1,0,0,0,5,2,3,1,2,0,0,0,22,1,0,false
C:\Dev\Projects\Uni\Software_design\Gruppo-01SAD\src\main\java\com\Controller\playlist\AddTrackToPlaylistController.java,com.Controller.playlist.AddTrackToPlaylistController,closeWindow/0,false,78,1,2,2,0,1,3,4,0,1,0,3,0,0,0,0,0,0,0,0,1,0,0,0,0,0,4,2,0,false
C:\Dev\Projects\Uni\Software_design\Gruppo-01SAD\src\main\java\com\Model\TrackFactory.java,com.Model.TrackFactory,"createTrack/8[java.lang.String,java.lang.String,int,java.lang.String,int,java.lang.String,java.lang.String,com.Model.TrackTag]",false,29,3,4,2,2,1,2,4,1,0,8,2,2,1,0,0,0,0,0,0,0,0,0,0,0,0,63,17,0,true
C:\Dev\Projects\Uni\Software_design\Gruppo-01SAD\src\main\java\com\Model\TrackFactory.java,com.Model.TrackFactory,validatePath/1[java.lang.String],false,43,0,1,1,0,3,2,5,0,0,1,2,0,0,0,1,0,0,1,0,0,0,1,0,0,0,43,4,0,true
C:\Dev\Projects\Uni\Software_design\Gruppo-01SAD\src\main\java\com\Model\TrackFactory.java,com.Model.TrackFactory,"instantiateTrack/8[java.lang.String,java.lang.String,int,java.lang.String,int,java.lang.String,java.lang.String,com.Model.TrackTag]",false,49,2,1,1,0,1,0,1,0,0,8,0,0,0,0,0,0,0,0,0,0,0,0,0,0,0,51,1025,0,true
C:\Dev\Projects\Uni\Software_design\Gruppo-01SAD\src\main\java\com\Model\Library.java,com.Model.Library,getTracksCount/0,false,142,0,1,1,0,1,1,3,1,0,0,1,0,0,0,0,0,0,0,0,0,0,0,0,0,0,23,1,0,true
C:\Dev\Projects\Uni\Software_design\Gruppo-01SAD\src\main\java\com\Model\Library.java,com.Model.Library,"addTrack/2[int,com.Model.Track]",false,59,1,0,0,0,1,1,3,0,0,2,1,0,0,0,0,0,0,0,0,0,0,0,0,0,0,21,1,0,true
C:\Dev\Projects\Uni\Software_design\Gruppo-01SAD\src\main\java\com\Model\Library.java,com.Model.Library,"updateTrack/9[com.Model.Track,java.lang.String,java.lang.String,int,java.lang.String,int,java.lang.String,java.lang.String,com.Model.TrackTag]",false,99,3,13,2,11,4,13,17,0,1,9,13,0,0,0,2,0,0,0,0,1,0,1,0,0,0,44,1,0,true
C:\Dev\Projects\Uni\Software_design\Gruppo-01SAD\src\main\java\com\Model\Library.java,com.Model.Library,Library/0,true,37,0,1,1,0,1,1,3,0,0,0,1,0,0,0,0,0,0,0,0,1,0,0,0,0,0,16,1,0,true
C:\Dev\Projects\Uni\Software_design\Gruppo-01SAD\src\main\java\com\Model\Library.java,com.Model.Library,indexOf/1[com.Model.Track],false,80,1,0,0,0,1,1,3,1,0,1,1,0,0,0,0,0,0,0,0,0,0,0,0,0,0,4,1,0,false
C:\Dev\Projects\Uni\Software_design\Gruppo-01SAD\src\main\java\com\Model\Library.java,com.Model.Library,getTracks/0,false,132,2,12,12,0,1,0,3,1,0,0,0,0,0,0,0,0,0,0,0,0,0,0,0,0,0,41,1,0,true
C:\Dev\Projects\Uni\Software_design\Gruppo-01SAD\src\main\java\com\Model\Library.java,com.Model.Library,addTrack/1[com.Model.Track],false,47,1,1,1,0,1,1,3,0,0,1,1,0,0,0,0,0,0,0,0,0,0,0,0,0,0,13,1,0,true
C:\Dev\Projects\Uni\Software_design\Gruppo-01SAD\src\main\java\com\Model\Library.java,com.Model.Library,removeTrack/1[com.Model.Track],false,75,1,0,0,0,1,1,3,1,0,1,1,0,0,0,0,0,0,0,0,0,0,0,0,0,0,39,1,0,true
C:\Dev\Projects\Uni\Software_design\Gruppo-01SAD\src\main\java\com\Controller\navigation\WindowManager.java,com.Controller.navigation.WindowManager,openAutoPlaylistWindow/1[com.Controller.core.MainController],false,165,6,2,1,1,2,11,16,0,4,1,11,0,0,0,0,1,0,3,0,4,1,1,0,0,0,39,1,0,true
C:\Dev\Projects\Uni\Software_design\Gruppo-01SAD\src\main\java\com\Controller\navigation\WindowManager.java,com.Controller.navigation.WindowManager,"showError/2[java.lang.String,java.lang.String]",false,153,1,1,1,0,1,4,7,0,1,2,4,0,0,0,0,0,0,0,0,1,0,0,0,0,0,28,1,0,true
C:\Dev\Projects\Uni\Software_design\Gruppo-01SAD\src\main\java\com\Controller\navigation\WindowManager.java,com.Controller.navigation.WindowManager,"showConfirmation/4[java.lang.String,java.lang.String,java.lang.String,java.lang.Runnable]",false,207,2,3,3,0,1,4,7,1,1,4,4,0,0,0,0,0,0,0,0,1,0,0,0,0,0,9,1,0,false
C:\Dev\Projects\Uni\Software_design\Gruppo-01SAD\src\main\java\com\Controller\navigation\WindowManager.java,com.Controller.navigation.WindowManager,WindowManager/1[com.Model.TrackFactory],true,37,1,1,1,0,1,0,3,0,0,1,0,0,0,0,0,0,0,0,0,1,0,0,0,0,0,20,1,0,true
C:\Dev\Projects\Uni\Software_design\Gruppo-01SAD\src\main\java\com\Controller\navigation\WindowManager.java,com.Controller.navigation.WindowManager,"showInfo/2[java.lang.String,java.lang.String]",false,138,1,3,3,0,1,4,7,0,1,2,4,0,0,0,0,0,0,0,0,1,0,0,0,0,0,25,1,0,true
C:\Dev\Projects\Uni\Software_design\Gruppo-01SAD\src\main\java\com\Controller\navigation\WindowManager.java,com.Controller.navigation.WindowManager,"openTrackWindow/3[java.lang.String,java.lang.String,com.Model.Track]",false,57,7,4,2,2,5,15,32,2,6,3,15,0,0,0,2,2,0,2,0,5,1,3,0,0,1,69,1,0,true
C:\Dev\Projects\Uni\Software_design\Gruppo-01SAD\src\main\java\com\Controller\navigation\WindowManager.java,com.Controller.navigation.WindowManager,"showWarning/2[java.lang.String,java.lang.String]",false,124,1,10,10,0,1,4,7,0,1,2,4,0,0,0,0,0,0,0,0,1,0,0,0,0,0,23,1,0,true
C:\Dev\Projects\Uni\Software_design\Gruppo-01SAD\src\main\java\com\Controller\navigation\WindowManager.java,com.Controller.navigation.WindowManager,setMainController/1[com.Controller.core.MainController],false,45,1,1,1,0,1,0,3,0,0,1,0,0,0,0,0,0,0,0,0,1,0,0,0,0,0,9,1,0,true
C:\Dev\Projects\Uni\Software_design\Gruppo-01SAD\src\main\java\com\Controller\navigation\WindowManager.java,com.Controller.navigation.WindowManager,openAddTrackToPlaylistWindow/1[com.Model.Playlist],false,186,6,3,1,2,3,11,19,1,4,1,11,0,0,0,1,1,0,4,0,4,2,1,0,0,0,47,1,0,true
C:\Dev\Projects\Uni\Software_design\Gruppo-01SAD\src\main\java\com\Controller\navigation\WindowManager.java,com.Controller.navigation.WindowManager,"openPlaylistWindow/4[java.lang.String,java.lang.String,com.Model.Playlist,com.Controller.core.MainController]",false,98,7,4,2,2,2,12,18,0,5,4,12,0,0,0,0,1,0,2,0,5,1,1,0,0,0,56,1,0,true
C:\Dev\Projects\Uni\Software_design\Gruppo-01SAD\src\main\java\com\Strategy\SequentialStrategy.java,com.Strategy.SequentialStrategy,nextTrack/1[com.Model.Track],false,57,1,0,0,0,5,5,16,4,0,1,5,0,0,0,1,0,0,0,1,1,1,2,0,0,0,22,1,0,true
C:\Dev\Projects\Uni\Software_design\Gruppo-01SAD\src\main\java\com\Strategy\SequentialStrategy.java,com.Strategy.SequentialStrategy,previousTrack/1[com.Model.Track],false,81,1,0,0,0,4,3,13,3,0,1,3,0,0,0,1,0,0,0,1,1,0,1,0,0,0,20,1,0,true
C:\Dev\Projects\Uni\Software_design\Gruppo-01SAD\src\main\java\com\Strategy\SequentialStrategy.java,com.Strategy.SequentialStrategy,"setQueue/2[java.util.List<com.Model.Track>,com.Model.Track]",false,26,1,0,0,0,3,1,9,0,0,2,1,0,0,0,2,0,0,0,1,3,0,1,0,0,0,23,1,0,true
C:\Dev\Projects\Uni\Software_design\Gruppo-01SAD\src\main\java\com\Strategy\SequentialStrategy.java,com.Strategy.SequentialStrategy,updateQueue/1[java.util.List<com.Model.Track>],false,41,1,0,0,0,5,3,7,0,1,1,3,0,0,0,2,0,1,0,1,3,0,1,0,0,0,21,1,0,true
C:\Dev\Projects\Uni\Software_design\Gruppo-01SAD\src\main\java\com\Model\AutoPlaylistService.java,com.Model.AutoPlaylistService,AutoPlaylistService/0,true,17,0,0,0,0,1,0,2,0,0,0,0,0,0,0,0,0,0,0,0,0,0,0,0,0,0,3,2,0,false
C:\Dev\Projects\Uni\Software_design\Gruppo-01SAD\src\main\java\com\Model\AutoPlaylistService.java,com.Model.AutoPlaylistService,"matchesYear/2[com.Model.Track,java.lang.String]",false,37,1,2,1,1,3,3,4,2,0,2,3,0,0,0,0,0,0,0,1,0,0,1,0,0,0,5,10,0,false
C:\Dev\Projects\Uni\Software_design\Gruppo-01SAD\src\main\java\com\Model\AutoPlaylistService.java,com.Model.AutoPlaylistService,"matchesTag/2[com.Model.Track,java.lang.String]",false,47,2,3,1,2,4,4,8,3,1,2,4,0,0,0,3,0,0,0,0,1,0,1,0,0,0,8,10,0,false
C:\Dev\Projects\Uni\Software_design\Gruppo-01SAD\src\main\java\com\Model\AutoPlaylistService.java,com.Model.AutoPlaylistService,"matchesGenre/2[com.Model.Track,java.lang.String]",false,42,1,2,1,1,3,3,4,2,0,2,3,0,0,0,1,0,0,0,0,0,0,1,0,0,0,6,10,0,false
C:\Dev\Projects\Uni\Software_design\Gruppo-01SAD\src\main\java\com\Model\AutoPlaylistService.java,com.Model.AutoPlaylistService,"validateName/2[java.lang.String,java.util.List<com.Model.Playlist>]",false,63,1,2,1,1,7,7,15,0,2,2,7,0,0,0,1,0,0,7,0,1,2,1,0,0,1,46,9,0,true
C:\Dev\Projects\Uni\Software_design\Gruppo-01SAD\src\main\java\com\Model\AutoPlaylistService.java,com.Model.AutoPlaylistService,"filter/4[java.util.List<com.Model.Track>,java.lang.String,java.lang.String,java.lang.String]",false,29,2,4,1,3,1,7,3,1,3,4,7,3,1,0,0,0,0,0,0,0,0,0,0,0,3,42,9,0,true
C:\Dev\Projects\Uni\Software_design\Gruppo-01SAD\src\main\java\com\Strategy\LoopPlaylistStrategy.java,com.Strategy.LoopPlaylistStrategy,updateQueue/1[java.util.List<com.Model.Track>],false,46,1,0,0,0,5,3,7,0,1,1,3,0,0,0,2,0,1,0,1,3,0,1,0,0,0,21,1,0,true
C:\Dev\Projects\Uni\Software_design\Gruppo-01SAD\src\main\java\com\Strategy\LoopPlaylistStrategy.java,com.Strategy.LoopPlaylistStrategy,nextTrack/1[com.Model.Track],false,62,1,0,0,0,4,5,15,4,0,1,5,0,0,0,1,0,1,0,2,3,2,1,0,0,0,25,1,0,true
C:\Dev\Projects\Uni\Software_design\Gruppo-01SAD\src\main\java\com\Strategy\LoopPlaylistStrategy.java,com.Strategy.LoopPlaylistStrategy,"setQueue/2[java.util.List<com.Model.Track>,com.Model.Track]",false,27,1,0,0,0,3,1,9,0,0,2,1,0,0,0,2,0,0,0,1,3,0,1,0,0,0,25,1,0,true
C:\Dev\Projects\Uni\Software_design\Gruppo-01SAD\src\main\java\com\Strategy\LoopPlaylistStrategy.java,com.Strategy.LoopPlaylistStrategy,previousTrack/1[com.Model.Track],false,89,1,0,0,0,4,5,15,4,0,1,5,0,0,0,1,0,1,0,2,3,3,1,0,0,0,22,1,0,true
C:\Dev\Projects\Uni\Software_design\Gruppo-01SAD\src\main\java\com\Controller\playlist\AddModPlaylistController.java,com.Controller.playlist.AddModPlaylistController,handleSave/1[com.Controller.playlist.ActionEvent],false,64,13,15,0,15,7,16,29,0,6,1,16,1,1,1,1,1,0,3,0,6,1,3,0,0,0,55,1,0,true
C:\Dev\Projects\Uni\Software_design\Gruppo-01SAD\src\main\java\com\Controller\playlist\AddModPlaylistController.java,com.Controller.playlist.AddModPlaylistController,handleDelete/1[com.Controller.playlist.ActionEvent],false,110,3,1,0,1,1,1,3,0,0,1,1,1,1,0,0,0,0,0,0,0,0,0,0,0,0,19,1,0,true
C:\Dev\Projects\Uni\Software_design\Gruppo-01SAD\src\main\java\com\Controller\playlist\AddModPlaylistController.java,com.Controller.playlist.AddModPlaylistController,setMainController/1[com.Controller.core.MainController],false,39,1,1,1,0,1,0,3,0,0,1,0,0,0,0,0,0,0,0,0,1,0,0,0,0,0,14,1,0,true
C:\Dev\Projects\Uni\Software_design\Gruppo-01SAD\src\main\java\com\Controller\playlist\AddModPlaylistController.java,com.Controller.playlist.AddModPlaylistController,closeWindow/0,false,117,1,2,2,0,1,3,4,0,1,0,3,0,0,0,0,0,0,0,0,1,0,0,0,0,0,9,1,0,true
C:\Dev\Projects\Uni\Software_design\Gruppo-01SAD\src\main\java\com\Controller\playlist\AddModPlaylistController.java,com.Controller.playlist.AddModPlaylistController,setPlaylist/1[com.Model.Playlist],false,48,1,2,1,1,2,2,10,0,0,1,2,0,0,0,1,0,0,0,0,3,0,1,0,0,0,21,1,0,true
C:\Dev\Projects\Uni\Software_design\Gruppo-01SAD\src\main\java\com\Controller\playlist\AddTrackToPlaylistController.java,com.Controller.playlist.AddTrackToPlaylistController$Anonymous1,"updateItem/2[Track,boolean]",false,29,1,0,0,0,3,4,9,0,0,2,4,0,0,0,1,0,0,1,0,0,1,1,0,0,0,8,4,0,false
C:\Dev\Projects\Uni\Software_design\Gruppo-01SAD\src\main\java\com\Strategy\PlaybackContext.java,com.Strategy.PlaybackContext,"nextTrack/2[java.util.List<com.Model.Track>,com.Model.Track]",false,91,2,2,0,2,3,2,6,1,0,2,2,0,0,0,2,0,0,0,0,0,0,1,0,0,0,29,1,0,true
C:\Dev\Projects\Uni\Software_design\Gruppo-01SAD\src\main\java\com\Strategy\PlaybackContext.java,com.Strategy.PlaybackContext,setStrategy/1[com.Strategy.IPlaybackStrategy],false,42,2,1,0,1,1,1,3,0,0,1,1,1,1,0,0,0,0,0,0,0,0,0,0,0,0,18,1,0,true
C:\Dev\Projects\Uni\Software_design\Gruppo-01SAD\src\main\java\com\Strategy\PlaybackContext.java,com.Strategy.PlaybackContext,PlaybackContext/1[com.Strategy.IPlaybackStrategy],true,34,1,1,1,0,1,0,3,0,0,1,0,0,0,0,0,0,0,0,0,1,0,0,0,0,0,19,1,0,true
C:\Dev\Projects\Uni\Software_design\Gruppo-01SAD\src\main\java\com\Strategy\PlaybackContext.java,com.Strategy.PlaybackContext,"setCurrentQueue/2[com.Strategy.ObservableList<com.Model.Track>,com.Model.Track]",false,62,3,2,1,1,4,3,12,0,0,2,3,0,0,0,3,0,0,0,0,1,0,2,0,0,0,33,1,0,true
C:\Dev\Projects\Uni\Software_design\Gruppo-01SAD\src\main\java\com\Strategy\PlaybackContext.java,com.Strategy.PlaybackContext,"setStrategy/2[com.Strategy.IPlaybackStrategy,com.Model.Track]",false,50,2,4,3,1,3,1,6,0,0,2,1,0,0,0,2,0,0,0,0,1,0,1,0,0,0,26,1,0,true
C:\Dev\Projects\Uni\Software_design\Gruppo-01SAD\src\main\java\com\Strategy\PlaybackContext.java,com.Strategy.PlaybackContext,getStrategy/0,false,81,1,6,6,0,1,0,3,1,0,0,0,0,0,0,0,0,0,0,0,0,0,0,0,0,0,13,1,0,true
C:\Dev\Projects\Uni\Software_design\Gruppo-01SAD\src\main\java\com\Strategy\PlaybackContext.java,com.Strategy.PlaybackContext,"previousTrack/2[java.util.List<com.Model.Track>,com.Model.Track]",false,104,2,1,0,1,1,1,3,1,0,2,1,0,0,0,0,0,0,0,0,0,0,0,0,0,0,30,1,0,true
C:\Dev\Projects\Uni\Software_design\Gruppo-01SAD\src\main\java\com\Model\Track.java,com.Model.Track,getTitle/0,false,68,0,12,12,0,1,1,3,1,0,0,1,0,0,0,0,0,0,0,0,0,0,0,0,0,0,2,1,0,false
C:\Dev\Projects\Uni\Software_design\Gruppo-01SAD\src\main\java\com\Model\Track.java,com.Model.Track,incrementPlayCount/0,false,224,0,1,1,0,1,0,3,0,0,0,0,0,0,0,0,0,0,0,0,0,0,0,0,0,0,9,1,0,true
C:\Dev\Projects\Uni\Software_design\Gruppo-01SAD\src\main\java\com\Model\Track.java,com.Model.Track,equals/1[java.lang.Object],false,245,1,0,0,0,4,2,6,3,1,1,2,0,0,0,3,0,1,0,0,1,0,1,0,0,0,29,1,0,true
C:\Dev\Projects\Uni\Software_design\Gruppo-01SAD\src\main\java\com\Model\Track.java,com.Model.Track,hashCode/0,false,262,0,0,0,0,1,1,3,1,0,0,1,0,0,0,0,0,0,0,0,0,0,0,0,0,0,19,1,0,true
C:\Dev\Projects\Uni\Software_design\Gruppo-01SAD\src\main\java\com\Model\Track.java,com.Model.Track,albumProperty/0,false,183,1,0,0,0,1,0,3,1,0,0,0,0,0,0,0,0,0,0,0,0,0,0,0,0,0,3,1,0,false
C:\Dev\Projects\Uni\Software_design\Gruppo-01SAD\src\main\java\com\Model\Track.java,com.Model.Track,getAuthor/0,false,72,0,6,6,0,1,1,3,1,0,0,1,0,0,0,0,0,0,0,0,0,0,0,0,0,0,2,1,0,false
C:\Dev\Projects\Uni\Software_design\Gruppo-01SAD\src\main\java\com\Model\Track.java,com.Model.Track,setAudioSource/1[com.DataLayer.IAudioTrack],false,199,1,2,2,0,1,0,3,0,0,1,0,0,0,0,0,0,0,0,0,1,0,0,0,0,0,16,1,0,true
C:\Dev\Projects\Uni\Software_design\Gruppo-01SAD\src\main\java\com\Model\Track.java,com.Model.Track,durationProperty/0,false,179,1,0,0,0,1,0,3,1,0,0,0,0,0,0,0,0,0,0,0,0,0,0,0,0,0,3,1,0,false
C:\Dev\Projects\Uni\Software_design\Gruppo-01SAD\src\main\java\com\Model\Track.java,com.Model.Track,setDuration/1[int],false,133,0,2,2,0,2,1,6,0,0,1,1,0,0,0,0,0,0,1,1,0,0,1,0,0,0,12,1,0,false
C:\Dev\Projects\Uni\Software_design\Gruppo-01SAD\src\main\java\com\Model\Track.java,com.Model.Track,setTag/1[com.Model.TrackTag],false,151,1,2,2,0,2,1,3,0,0,1,1,0,0,0,1,0,0,0,0,0,0,0,0,0,0,5,1,0,false
C:\Dev\Projects\Uni\Software_design\Gruppo-01SAD\src\main\java\com\Model\Track.java,com.Model.Track,getFilePath/0,false,92,0,4,4,0,1,1,3,1,0,0,1,0,0,0,0,0,0,0,0,0,0,0,0,0,0,3,1,0,false
C:\Dev\Projects\Uni\Software_design\Gruppo-01SAD\src\main\java\com\Model\Track.java,com.Model.Track,getGenre/0,false,80,0,5,5,0,1,1,3,1,0,0,1,0,0,0,0,0,0,0,0,0,0,0,0,0,0,2,1,0,false
C:\Dev\Projects\Uni\Software_design\Gruppo-01SAD\src\main\java\com\Model\Track.java,com.Model.Track,getAlbum/0,false,88,0,4,4,0,1,1,3,1,0,0,1,0,0,0,0,0,0,0,0,0,0,0,0,0,0,2,1,0,false
C:\Dev\Projects\Uni\Software_design\Gruppo-01SAD\src\main\java\com\Model\Track.java,com.Model.Track,getAudioSource/0,false,207,1,4,4,0,1,0,3,1,0,0,0,0,0,0,0,0,0,0,0,0,0,0,0,0,0,14,1,0,true
C:\Dev\Projects\Uni\Software_design\Gruppo-01SAD\src\main\java\com\Model\Track.java,com.Model.Track,setAuthor/1[java.lang.String],false,115,0,2,2,0,4,4,9,0,0,1,4,0,0,0,1,0,0,3,0,0,0,1,0,0,0,14,1,0,false
C:\Dev\Projects\Uni\Software_design\Gruppo-01SAD\src\main\java\com\Model\Track.java,com.Model.Track,setGenre/1[java.lang.String],false,129,0,2,2,0,1,1,3,0,0,1,1,0,0,0,0,0,0,0,0,0,0,0,0,0,0,3,1,0,false
C:\Dev\Projects\Uni\Software_design\Gruppo-01SAD\src\main\java\com\Model\Track.java,com.Model.Track,getDuration/0,false,84,0,7,7,0,1,1,3,1,0,0,1,0,0,0,0,0,0,0,0,0,0,0,0,0,0,2,1,0,false
C:\Dev\Projects\Uni\Software_design\Gruppo-01SAD\src\main\java\com\Model\Track.java,com.Model.Track,setPlayCount/1[int],false,155,0,1,1,0,2,0,6,0,0,1,0,0,0,0,0,0,0,1,1,1,0,1,0,0,0,13,1,0,false
C:\Dev\Projects\Uni\Software_design\Gruppo-01SAD\src\main\java\com\Model\Track.java,com.Model.Track,toString/0,false,233,0,0,0,0,1,0,3,1,0,0,0,0,0,0,0,0,0,6,0,0,1,0,0,0,0,15,1,0,true
C:\Dev\Projects\Uni\Software_design\Gruppo-01SAD\src\main\java\com\Model\Track.java,com.Model.Track,getId/0,false,100,0,6,6,0,1,0,3,1,0,0,0,0,0,0,0,0,0,0,0,0,0,0,0,0,0,2,1,0,false
C:\Dev\Projects\Uni\Software_design\Gruppo-01SAD\src\main\java\com\Model\Track.java,com.Model.Track,setFilePath/1[java.lang.String],false,144,0,2,2,0,3,3,6,0,0,1,3,0,0,0,1,0,0,1,0,0,0,1,0,0,0,12,1,0,false
C:\Dev\Projects\Uni\Software_design\Gruppo-01SAD\src\main\java\com\Model\Track.java,com.Model.Track,filePathProperty/0,false,187,1,0,0,0,1,0,3,1,0,0,0,0,0,0,0,0,0,0,0,0,0,0,0,0,0,4,1,0,false
C:\Dev\Projects\Uni\Software_design\Gruppo-01SAD\src\main\java\com\Model\Track.java,com.Model.Track,tagProperty/0,false,191,2,0,0,0,1,0,3,1,0,0,0,0,0,0,0,0,0,0,0,0,0,0,0,0,0,2,1,0,false
C:\Dev\Projects\Uni\Software_design\Gruppo-01SAD\src\main\java\com\Model\Track.java,com.Model.Track,setAlbum/1[java.lang.String],false,140,0,2,2,0,1,1,3,0,0,1,1,0,0,0,0,0,0,0,0,0,0,0,0,0,0,3,1,0,false
C:\Dev\Projects\Uni\Software_design\Gruppo-01SAD\src\main\java\com\Model\Track.java,com.Model.Track,genreProperty/0,false,175,1,0,0,0,1,0,3,1,0,0,0,0,0,0,0,0,0,0,0,0,0,0,0,0,0,3,1,0,false
C:\Dev\Projects\Uni\Software_design\Gruppo-01SAD\src\main\java\com\Model\Track.java,com.Model.Track,authorProperty/0,false,167,1,0,0,0,1,0,3,1,0,0,0,0,0,0,0,0,0,0,0,0,0,0,0,0,0,3,1,0,false
C:\Dev\Projects\Uni\Software_design\Gruppo-01SAD\src\main\java\com\Model\Track.java,com.Model.Track,"Track/8[java.lang.String,java.lang.String,int,java.lang.String,int,java.lang.String,java.lang.String,com.Model.TrackTag]",true,55,2,9,1,8,1,10,11,0,0,8,10,8,1,0,0,0,0,0,0,1,0,0,0,0,0,60,0,0,true
C:\Dev\Projects\Uni\Software_design\Gruppo-01SAD\src\main\java\com\Model\Track.java,com.Model.Track,setYear/1[int],false,125,0,2,2,0,1,1,3,0,0,1,1,0,0,0,0,0,0,0,0,0,0,0,0,0,0,3,1,0,false
C:\Dev\Projects\Uni\Software_design\Gruppo-01SAD\src\main\java\com\Model\Track.java,com.Model.Track,titleProperty/0,false,163,1,0,0,0,1,0,3,1,0,0,0,0,0,0,0,0,0,0,0,0,0,0,0,0,0,3,1,0,false
C:\Dev\Projects\Uni\Software_design\Gruppo-01SAD\src\main\java\com\Model\Track.java,com.Model.Track,yearProperty/0,false,171,1,0,0,0,1,0,3,1,0,0,0,0,0,0,0,0,0,0,0,0,0,0,0,0,0,3,1,0,false
C:\Dev\Projects\Uni\Software_design\Gruppo-01SAD\src\main\java\com\Model\Track.java,com.Model.Track,getTag/0,false,96,1,5,5,0,1,1,3,1,0,0,1,0,0,0,0,0,0,0,0,0,0,0,0,0,0,3,1,0,false
C:\Dev\Projects\Uni\Software_design\Gruppo-01SAD\src\main\java\com\Model\Track.java,com.Model.Track,getPlayCount/0,false,104,0,1,1,0,1,0,3,1,0,0,0,0,0,0,0,0,0,0,0,0,0,0,0,0,0,3,1,0,false
C:\Dev\Projects\Uni\Software_design\Gruppo-01SAD\src\main\java\com\Model\Track.java,com.Model.Track,setTitle/1[java.lang.String],false,108,0,2,2,0,3,3,6,0,0,1,3,0,0,0,1,0,0,1,0,0,0,1,0,0,0,10,1,0,false
C:\Dev\Projects\Uni\Software_design\Gruppo-01SAD\src\main\java\com\Model\Track.java,com.Model.Track,getYear/0,false,76,0,5,5,0,1,1,3,1,0,0,1,0,0,0,0,0,0,0,0,0,0,0,0,0,0,2,1,0,false
C:\Dev\Projects\Uni\Software_design\Gruppo-01SAD\src\main\java\com\Model\Track.java,com.Model.Track,getFormattedDuration/0,false,214,1,3,2,1,1,2,6,1,3,0,2,1,1,0,0,0,0,1,2,3,2,0,0,0,0,14,1,0,true
C:\Dev\Projects\Uni\Software_design\Gruppo-01SAD\src\main\java\com\Controller\playlist\AutoPlaylistController.java,com.Controller.playlist.AutoPlaylistController,closeWindow/0,false,147,1,2,2,0,1,3,4,0,1,0,3,0,0,0,0,0,0,0,0,1,0,0,0,0,0,4,2,0,false
C:\Dev\Projects\Uni\Software_design\Gruppo-01SAD\src\main\java\com\Controller\playlist\AutoPlaylistController.java,com.Controller.playlist.AutoPlaylistController,handleCancel/1[com.Controller.playlist.ActionEvent],false,143,3,1,0,1,1,1,3,0,0,1,1,1,1,0,0,0,0,0,0,0,0,0,0,0,0,7,1,0,false
C:\Dev\Projects\Uni\Software_design\Gruppo-01SAD\src\main\java\com\Controller\playlist\AutoPlaylistController.java,com.Controller.playlist.AutoPlaylistController,setMainController/1[com.Controller.core.MainController],false,58,2,2,1,1,1,1,4,0,0,1,1,1,1,0,0,0,0,0,0,1,0,0,0,0,0,17,1,0,true
C:\Dev\Projects\Uni\Software_design\Gruppo-01SAD\src\main\java\com\Controller\playlist\AutoPlaylistController.java,com.Controller.playlist.AutoPlaylistController,handleGenerate/1[com.Controller.playlist.ActionEvent],false,106,14,17,0,17,4,23,24,2,4,1,23,1,1,1,0,1,0,5,0,4,1,1,0,0,0,26,1,0,false
C:\Dev\Projects\Uni\Software_design\Gruppo-01SAD\src\main\java\com\Controller\playlist\AutoPlaylistController.java,com.Controller.playlist.AutoPlaylistController,populateCombos/0,false,63,5,6,1,5,5,22,25,0,8,0,22,0,0,1,2,0,0,0,1,4,1,2,0,0,3,14,2,0,false
C:\Dev\Projects\Uni\Software_design\Gruppo-01SAD\src\main\java\com\Controller\playlist\AutoPlaylistController.java,com.Controller.playlist.AutoPlaylistController,initialize/0,false,48,1,0,0,0,2,5,4,0,3,0,5,0,0,0,1,0,0,0,0,0,0,0,0,0,1,5,1,0,false
